anchor_index,anchor_label,weight
3498,P,3.171814e-08
4807,R,1.2660001e-07
2765,P,3.3196738e-08
5419,P,3.195636e-08
8076,D,4.630313e-08
8759,D,4.7334773e-08
4718,D,4.5367724e-08
1256,R,1.3893953e-07
4850,D,4.5622667e-08
4382,S,3.2896835e-08
7200,S,3.1720866e-08
1235,S,3.3185785e-08
1179,P,3.1542157e-08
4803,R,1.3576593e-07
7321,D,4.8612804e-08
2003,D,4.6771255e-08
7793,S,3.244314e-08
6870,R,1.6650895e-07
6022,D,4.726395e-08
8206,R,1.5203061e-07
4198,S,3.300777e-08
1801,D,4.6988536e-08
2675,S,3.3144158e-08
1426,S,3.1200976e-08
1462,R,1.1871192e-07
8783,P,3.2840347e-08
3703,R,1.2539076e-07
1438,S,3.213876e-08
9743,P,3.286773e-08
6104,D,4.5768743e-08
8439,D,4.6094463e-08
6503,S,3.312874e-08
3230,D,4.5946823e-08
8926,R,1.3007762e-07
7390,S,3.3683897e-08
5629,P,3.2517914e-08
9372,P,3.2774643e-08
1647,S,3.1791245e-08
6663,P,3.220301e-08
7611,H,8.400621e-06
9690,R,1.377454e-07
54,D,4.6972055e-08
552,S,3.3734885e-08
2286,S,3.2837526e-08
2949,S,3.049571e-08
5829,P,3.33069e-08
9819,R,1.0712849e-07
9750,P,3.2651727e-08
3463,S,3.2695976e-08
8746,D,4.698307e-08
4637,D,4.5438213e-08
6835,S,3.36575e-08
7813,S,3.2224758e-08
9051,D,4.5332776e-08
1594,D,4.567874e-08
4035,D,4.5545026e-08
6533,S,3.3770743e-08
4049,D,4.533667e-08
8458,P,3.1023305e-08
4068,D,4.591774e-08
2504,S,3.0520845e-08
7621,P,3.1763484e-08
6963,P,3.3028297e-08
8584,H,7.9700825e-05
5271,S,3.1163864e-08
7132,D,4.556475e-08
7151,S,3.299656e-08
533,S,3.2172128e-08
9832,R,1.1032776e-07
7950,D,4.6032703e-08
9643,H,9.249042e-06
524,S,3.236156e-08
6850,S,3.2071892e-08
2102,S,3.3523406e-08
9816,H,0.00010390101
8577,S,3.1062505e-08
6389,P,3.1851094e-08
1760,D,4.5546674e-08
5852,S,3.224394e-08
7694,P,3.2760518e-08
8517,S,3.1758702e-08
3482,P,3.3105746e-08
6760,P,3.334873e-08
1130,S,3.1746044e-08
6816,P,3.3294324e-08
7388,S,3.3335375e-08
4031,D,4.5459974e-08
2311,P,3.097069e-08
8047,P,3.392155e-08
4115,D,4.6176304e-08
4398,S,3.0895876e-08
8296,R,1.1836497e-07
6631,H,1.6657026e-05
407,R,1.1538766e-07
2617,D,4.6322473e-08
1269,R,1.3753498e-07
3220,R,1.17110226e-07
6291,S,3.276977e-08
3197,R,1.0402498e-07
9761,P,3.1974533e-08
106,D,4.578254e-08
5435,S,3.226806e-08
4510,S,3.2311046e-08
5120,H,1.6739357e-05
3765,P,2.9313847e-08
2435,D,4.535682e-08
1551,D,4.5955503e-08
7477,H,9.297151e-06
1894,D,4.6433488e-08
451,D,4.5434486e-08
9228,D,4.6167848e-08
8302,D,4.770302e-08
8374,P,3.3291023e-08
1021,S,3.2539567e-08
9537,P,3.3061514e-08
8084,D,4.531704e-08
3176,H,1.1933862e-05
52,D,4.6737547e-08
6050,H,1.3984162e-05
7801,S,3.1668694e-08
445,D,4.613783e-08
1056,H,1.0746475e-05
9527,D,4.537248e-08
6093,R,1.0916539e-07
4822,D,4.6073723e-08
8696,S,3.2790965e-08
9679,H,7.746063e-05
8343,P,3.16673e-08
9553,S,3.2834144e-08
3904,H,1.3389939e-05
729,D,4.594297e-08
5705,H,1.2468601e-05
923,D,4.6509008e-08
4783,H,7.790301e-06
657,R,1.2295492e-07
465,D,4.550109e-08
4019,D,4.5466738e-08
2781,S,3.366848e-08
9107,R,1.334751e-07
682,D,4.700566e-08
744,D,4.604807e-08
7251,R,1.4137645e-07
6943,P,3.202733e-08
5004,D,4.75281e-08
8739,D,4.660589e-08
3358,R,1.4177543e-07
6832,S,3.2910954e-08
4381,S,3.226578e-08
239,S,3.089405e-08
8134,H,7.4641894e-06
6726,P,3.2449883e-08
6026,P,3.2093862e-08
9399,S,3.2539074e-08
9604,P,3.3085925e-08
8760,D,4.5454165e-08
7874,P,3.1837242e-08
2967,S,2.8686726e-08
8290,R,1.2645015e-07
7177,S,3.1832933e-08
1051,S,3.375767e-08
6382,P,3.244846e-08
2382,D,4.6638526e-08
9715,D,4.66832e-08
7886,S,2.9869383e-08
1780,P,2.8816256e-08
9023,D,4.5306756e-08
8423,D,4.533122e-08
5023,P,3.3820697e-08
9589,D,4.659576e-08
9847,R,1.1945875e-07
708,D,4.487699e-08
7286,D,4.744957e-08
9141,P,3.2727357e-08
1307,S,3.0629668e-08
8460,P,3.2033746e-08
2126,D,4.575181e-08
9241,D,4.5999087e-08
5368,S,3.029876e-08
377,H,1.2889978e-05
5653,S,2.9136418e-08
4613,R,1.4362226e-07
4646,D,4.5291294e-08
5609,P,3.1996006e-08
7316,D,4.6724356e-08
5499,P,3.2474155e-08
1122,S,3.13124e-08
7070,R,1.3710596e-07
3795,S,3.3151938e-08
499,D,4.5618403e-08
6800,P,3.257167e-08
6078,H,1.7632143e-05
4178,P,3.159804e-08
5708,H,1.1938631e-05
8450,D,4.6290147e-08
3226,D,4.6077236e-08
5863,S,3.094111e-08
4428,R,1.3753093e-07
8528,H,1.582099e-05
1563,D,4.594323e-08
9149,S,3.1683616e-08
739,D,4.638799e-08
3371,D,4.6755023e-08
4910,P,3.1858384e-08
4412,S,3.0573926e-08
2091,S,3.03683e-08
8265,S,3.3417496e-08
8408,R,1.1912802e-07
5343,P,3.162324e-08
2330,S,3.340781e-08
6830,S,3.2601942e-08
1291,S,3.432736e-08
4564,S,3.3588112e-08
380,H,3.0257079e-05
6084,H,1.650875e-05
3889,S,3.2537955e-08
7638,H,3.5399014e-05
1284,P,2.9610778e-08
5733,P,2.8719464e-08
1834,D,4.5583523e-08
8533,P,3.2203438e-08
824,S,3.2522255e-08
3030,D,4.5454684e-08
633,R,1.3353556e-07
1061,P,3.0558535e-08
971,D,4.538581e-08
7008,P,3.323583e-08
822,S,3.1445985e-08
2371,S,3.378079e-08
7875,P,3.2768515e-08
726,D,4.6446065e-08
9388,P,3.1740957e-08
2905,S,3.2412707e-08
2677,S,3.3633373e-08
5027,H,2.6820608e-05
8977,R,1.1531384e-07
4250,S,3.0475007e-08
7032,P,3.110525e-08
4956,S,3.1867437e-08
9649,H,1.5932732e-05
3382,D,4.590049e-08
7487,P,3.1711004e-08
5423,S,3.240461e-08
646,R,1.780869e-07
768,P,3.1884888e-08
850,S,2.9316139e-08
6340,H,1.1363092e-05
3888,S,3.2568504e-08
2637,D,4.6507054e-08
1184,P,3.1997715e-08
8703,S,3.093751e-08
364,S,3.2508922e-08
4379,S,3.2802287e-08
2477,S,3.3068513e-08
694,D,4.6884246e-08
474,D,4.518361e-08
2749,D,4.5710813e-08
7789,S,2.9330458e-08
4930,P,3.292213e-08
3924,H,1.1370583e-05
5861,S,3.2160838e-08
1516,D,4.6198767e-08
4928,P,3.257248e-08
9859,D,4.584528e-08
6001,R,1.4555296e-07
5744,S,3.399973e-08
2010,D,4.5999087e-08
1671,R,1.2822984e-07
9723,D,4.5132968e-08
326,P,3.003575e-08
8182,H,1.2459865e-05
6155,H,1.3087161e-05
2324,S,3.411542e-08
543,S,2.9990467e-08
1983,D,4.677688e-08
2438,D,4.64079e-08
87,D,4.5495273e-08
8781,P,3.3453848e-08
2484,S,3.0739812e-08
4397,S,3.0757057e-08
4355,D,4.5066987e-08
9286,R,1.10141684e-07
6756,P,3.2075015e-08
5798,P,2.898239e-08
2326,S,3.169625e-08
5353,S,3.4300918e-08
717,D,4.631258e-08
941,D,4.6678572e-08
7282,D,4.7443145e-08
2440,D,4.5367116e-08
8191,H,1.0843421e-05
5479,P,2.9109644e-08
8725,D,4.648568e-08
3692,H,4.2963497e-06
3870,D,4.627011e-08
6158,H,8.224809e-06
7043,S,3.286604e-08
8070,R,1.17485634e-07
8146,P,3.1905937e-08
6962,P,3.2409865e-08
511,P,3.0957693e-08
5680,S,3.1755672e-08
1969,D,4.5080828e-08
1687,D,4.6564573e-08
262,S,3.2659884e-08
9484,D,4.5929475e-08
3862,D,4.6877716e-08
9502,D,4.600347e-08
8550,P,3.2728792e-08
1616,S,3.1560816e-08
716,D,4.6053515e-08
600,S,3.015779e-08
4187,S,3.3193505e-08
9040,D,4.5331568e-08
5397,P,3.1876436e-08
4227,S,3.0895933e-08
5822,P,3.2897713e-08
8761,D,4.5973213e-08
5585,P,2.898814e-08
2815,D,4.5399403e-08
2244,S,3.1586712e-08
9811,H,2.1373242e-05
2750,D,4.5762544e-08
1299,S,3.2700587e-08
3488,P,3.2571048e-08
9140,P,3.2963474e-08
811,S,3.3023632e-08
3499,P,3.1696914e-08
6225,P,3.3101013e-08
6451,S,2.9354972e-08
7830,H,0.00031829654
2134,D,4.595296e-08
7644,H,0.00015599203
374,S,3.2145568e-08
7916,R,1.2111634e-07
8612,D,4.579721e-08
559,S,3.079204e-08
2172,S,3.0660704e-08
9541,P,3.2012245e-08
6867,H,1.0230114e-05
3635,S,3.2909885e-08
7840,R,1.3240732e-07
7802,S,3.201029e-08
7468,S,3.1633316e-08
5847,H,6.4297645e-05
2939,S,3.2907376e-08
3743,D,4.540027e-08
8863,S,3.1972274e-08
5297,P,3.1703504e-08
2979,H,2.3380993e-05
210,P,2.9961306e-08
9694,R,1.4901829e-07
3017,D,4.5557623e-08
8081,D,4.7390326e-08
1308,S,2.9734952e-08
7605,H,6.7987366e-06
231,S,3.3530185e-08
2071,S,3.1744285e-08
4940,P,2.9611964e-08
7710,D,4.60986e-08
4585,S,3.2158507e-08
6485,P,3.1254103e-08
2871,S,3.1611002e-08
3297,P,2.8160596e-08
8850,S,3.272024e-08
9103,R,1.3701826e-07
4840,D,4.5620926e-08
8691,S,3.1279928e-08
4205,S,3.1674976e-08
2814,D,4.6054392e-08
7420,S,3.237737e-08
4823,D,4.5963304e-08
2121,D,4.822907e-08
3259,P,2.939761e-08
319,D,4.6167585e-08
1721,D,4.588097e-08
6791,P,3.3388762e-08
141,D,4.6743345e-08
3591,R,1.3416066e-07
9056,P,3.252139e-08
1808,D,4.7464777e-08
3609,D,4.583732e-08
6231,P,3.3346694e-08
7641,H,2.560097e-05
5649,S,3.3117242e-08
760,D,4.536253e-08
7172,S,3.3815603e-08
6347,H,1.7162978e-05
2258,S,3.3477082e-08
2269,S,3.1648707e-08
6103,D,4.7535444e-08
1246,S,3.4403854e-08
3727,R,1.3502243e-07
9428,S,3.1431835e-08
34,D,4.5370662e-08
2516,D,4.9843994e-08
6360,H,8.3591685e-06
2865,S,2.9839264e-08
5735,P,2.9565292e-08
1725,D,4.575766e-08
7445,S,3.2391014e-08
443,D,4.5838107e-08
7952,D,4.627673e-08
447,D,4.707331e-08
9221,D,4.482754e-08
8348,H,4.5848497e-05
2611,D,4.53962e-08
5637,P,3.289765e-08
6371,P,3.261264e-08
4154,P,3.230858e-08
635,R,1.3233928e-07
8827,S,3.1915064e-08
1427,S,3.1368113e-08
7689,D,4.6201237e-08
9079,S,3.1607865e-08
6223,P,3.3369027e-08
2748,D,4.688272e-08
8740,D,4.5592046e-08
3327,S,3.11704e-08
8324,D,4.78095e-08
7190,S,3.388753e-08
1976,D,4.5663583e-08
85,D,4.559335e-08
6290,S,3.2500925e-08
2621,D,4.6604733e-08
8422,D,4.6341032e-08
4769,H,8.384942e-06
833,S,3.4368046e-08
9803,S,3.045008e-08
8088,D,4.6455902e-08
7296,D,4.665872e-08
933,D,4.6262606e-08
1757,D,4.5620926e-08
8298,R,1.3097323e-07
6213,P,3.2605545e-08
6780,S,3.3835214e-08
6607,S,3.3712244e-08
2599,D,4.6971692e-08
8919,S,3.0353302e-08
4549,S,3.200089e-08
4026,D,4.5449568e-08
4991,S,3.2104698e-08
4921,P,3.3247172e-08
6068,H,2.0280213e-05
9268,P,3.3112883e-08
5759,S,3.050775e-08
1411,P,3.1654082e-08
8726,D,4.591581e-08
9439,S,3.2292007e-08
4411,S,3.034572e-08
2478,S,3.205361e-08
475,D,4.5654527e-08
9479,D,4.740199e-08
2312,P,3.0205342e-08
9217,D,4.5586656e-08
9267,P,3.321865e-08
9455,R,1.2061334e-07
5295,P,3.1232595e-08
870,S,3.4211013e-08
936,D,4.4560633e-08
8443,D,4.5577526e-08
775,P,3.329007e-08
8886,S,3.3879648e-08
4256,S,3.051747e-08
8040,P,3.329852e-08
3255,D,4.554711e-08
7844,D,4.7181988e-08
5554,S,3.2648174e-08
5594,H,1.4030101e-05
2393,D,4.5959794e-08
5808,S,3.2252185e-08
8037,P,3.277283e-08
3422,D,4.5635463e-08
8680,S,3.1732363e-08
2401,D,4.6913765e-08
9032,D,4.5164484e-08
3813,R,1.1049075e-07
7574,D,4.7517496e-08
4686,D,4.534938e-08
2964,S,3.160208e-08
9366,P,3.3381948e-08
3761,D,4.5954184e-08
8446,D,4.647221e-08
5436,S,3.120556e-08
6310,S,3.1359917e-08
6101,D,4.7661363e-08
6345,H,9.069197e-06
7618,P,3.2553597e-08
6129,D,4.686109e-08
1584,D,4.642924e-08
2553,S,3.2212593e-08
6580,S,3.3720088e-08
1605,D,4.555067e-08
9741,P,3.275658e-08
5770,S,3.3678244e-08
6888,R,1.3220924e-07
8011,S,3.2485865e-08
5232,S,3.254981e-08
6507,S,3.207691e-08
8233,P,3.172625e-08
924,D,4.746324e-08
4432,R,1.270187e-07
3559,S,3.321802e-08
6009,R,1.18062054e-07
1977,D,4.6039464e-08
3010,D,4.5560057e-08
1872,D,4.5752333e-08
6082,H,1.5747637e-05
2681,S,3.1759186e-08
2753,D,4.5933856e-08
7273,R,1.1174948e-07
7400,S,3.104912e-08
8794,P,3.2282585e-08
4757,H,9.443902e-06
5760,S,3.0738878e-08
8022,P,3.315048e-08
6453,S,3.0780356e-08
5461,R,1.3462102e-07
7585,P,3.2049453e-08
5583,P,3.0205687e-08
1506,D,4.635668e-08
6110,P,3.2730913e-08
5102,H,8.921818e-06
1690,D,4.5923343e-08
6409,H,1.1292731e-05
4168,P,3.130804e-08
3868,D,4.6155257e-08
5458,R,1.1135289e-07
5838,P,3.2087986e-08
6359,H,1.2963848e-05
3473,S,3.449374e-08
2763,P,3.2209645e-08
3684,S,3.1769485e-08
655,R,1.6663111e-07
2931,P,3.275658e-08
8069,R,1.1412059e-07
430,D,4.7249618e-08
3836,D,4.613132e-08
1109,S,3.20095e-08
3517,S,3.467911e-08
4959,S,3.1312698e-08
8730,D,4.7869722e-08
1090,S,3.044381e-08
1552,D,4.6578787e-08
7700,P,3.2430826e-08
3612,D,4.591485e-08
5219,P,3.1606657e-08
1959,D,4.577433e-08
2940,S,3.2996812e-08
6880,R,1.1405803e-07
6201,P,3.325022e-08
5409,H,2.9116436e-05
2575,D,4.906272e-08
9872,D,4.6000228e-08
8898,S,3.2234347e-08
2272,S,3.1705863e-08
3848,D,4.669861e-08
9721,D,4.604069e-08
7804,S,3.1370924e-08
7106,D,4.786406e-08
7063,R,1.11340995e-07
8071,R,1.637217e-07
3820,R,1.2847245e-07
5363,S,3.4870464e-08
7913,S,3.229663e-08
3431,P,2.971199e-08
1022,S,3.1723648e-08
8899,S,3.180453e-08
107,D,4.6234998e-08
864,S,3.206101e-08
9732,D,4.5546674e-08
7335,D,4.5543636e-08
6123,R,1.2486414e-07
4088,D,4.5508123e-08
6601,P,3.250911e-08
5659,H,1.6254897e-05
9503,D,4.6068276e-08
223,S,3.233392e-08
7978,P,3.1853396e-08
2055,R,1.17361445e-07
8055,S,2.6911804e-08
9474,D,4.5883507e-08
1207,S,3.304594e-08
3576,S,2.9683047e-08
5725,H,7.211354e-06
6773,S,3.2619603e-08
1403,P,3.3621312e-08
544,S,3.0328476e-08
455,D,4.7517858e-08
9430,S,3.1606117e-08
3396,D,4.5501352e-08
6450,S,3.3067128e-08
1602,D,4.6642082e-08
8230,P,3.2285232e-08
2396,D,4.596348e-08
2687,S,3.376958e-08
7612,P,3.300487e-08
4607,R,1.3139208e-07
6107,P,3.3108336e-08
7510,H,4.2442094e-05
4081,D,4.5561098e-08
9829,R,1.187117e-07
1282,D,4.62792e-08
7567,D,4.670529e-08
7791,S,3.38216e-08
4579,S,3.1415475e-08
962,D,4.697868e-08
6466,P,3.28215e-08
5952,P,3.2095944e-08
9059,P,3.265216e-08
3291,H,1.5629214e-05
4351,D,4.561649e-08
6771,S,3.4208405e-08
7048,S,3.352296e-08
6602,P,3.2851812e-08
5622,P,3.2118603e-08
7832,R,1.2376857e-07
436,D,4.831967e-08
8400,R,1.4181153e-07
8111,P,3.397484e-08
2542,S,3.3665977e-08
6993,H,7.861591e-06
793,S,3.2592613e-08
2234,S,3.239763e-08
1157,R,1.2698624e-07
7537,D,4.572459e-08
3838,D,4.5578137e-08
3530,S,3.3281754e-08
37,D,4.6369234e-08
8455,P,3.153362e-08
325,P,3.083512e-08
4699,D,4.5754692e-08
3973,D,4.5656964e-08
385,R,1.2120198e-07
5456,R,1.0349617e-07
8837,S,3.4017503e-08
2053,R,1.720987e-07
3878,P,3.0399768e-08
5021,P,3.328874e-08
2271,S,3.1067007e-08
6795,P,3.268076e-08
117,D,4.5520707e-08
6052,P,3.21498e-08
5474,D,4.6218776e-08
5280,P,2.9894693e-08
7584,P,3.223607e-08
1060,H,8.309881e-06
7424,S,3.2638898e-08
8988,R,1.3253492e-07
8587,R,1.0827785e-07
7772,P,3.2704143e-08
9218,D,4.6677595e-08
2985,R,1.1939632e-07
3601,D,4.5542855e-08
6154,H,9.572261e-06
1812,D,4.543544e-08
4858,D,4.5589093e-08
2952,S,3.1798283e-08
5473,D,4.6207667e-08
7217,S,2.9067976e-08
6439,S,3.2511405e-08
2208,S,2.9161216e-08
5269,S,3.0542104e-08
4752,H,2.7168066e-05
2639,D,4.4884008e-08
73,D,4.6340144e-08
7209,S,3.220178e-08
9719,D,4.6321855e-08
4346,D,4.5266074e-08
471,D,4.5871957e-08
3895,S,3.3435985e-08
4253,S,3.0524575e-08
8150,P,3.2072442e-08
4097,D,4.593824e-08
3557,S,3.412258e-08
4175,P,3.1157327e-08
9759,P,3.0975947e-08
2705,S,3.096691e-08
4965,S,3.093751e-08
9123,D,4.5313328e-08
7047,S,3.240449e-08
3989,D,4.5442807e-08
659,R,1.2505708e-07
2954,S,3.2931236e-08
7116,D,4.546691e-08
700,D,4.518404e-08
3933,R,1.1448053e-07
1131,S,3.1014846e-08
70,D,4.6349694e-08
2544,S,3.1656253e-08
3046,D,4.5537032e-08
6975,S,3.346527e-08
2297,S,3.1329908e-08
9273,S,3.207838e-08
1069,P,3.2622346e-08
2227,P,3.212706e-08
1927,D,4.5469687e-08
3081,S,3.1476475e-08
2151,D,4.713791e-08
7466,S,3.334377e-08
8901,S,2.9416176e-08
7505,H,9.584455e-06
1325,S,3.3039008e-08
6186,P,3.3520912e-08
619,R,1.28439e-07
6214,P,3.2148698e-08
566,S,3.3728e-08
9519,D,4.5204818e-08
3012,D,4.5548763e-08
1522,D,4.569068e-08
4716,D,4.5272635e-08
9567,S,3.249485e-08
2793,S,3.23383e-08
4662,D,4.5389015e-08
9281,R,1.2681438e-07
7946,D,4.6674653e-08
2378,R,1.454733e-07
2745,D,4.7375142e-08
9194,R,1.2991856e-07
5548,S,3.174671e-08
8002,S,3.421297e-08
4303,R,1.1727809e-07
2219,H,2.160123e-05
3312,S,3.0177294e-08
6216,P,3.2763833e-08
390,R,1.8760798e-07
8426,D,4.6575764e-08
5187,P,3.0893343e-08
3729,D,4.5777558e-08
6304,S,3.0363207e-08
3023,D,4.5533387e-08
8123,H,2.4894942e-05
9753,P,3.2216033e-08
8089,D,4.6417902e-08
1905,D,4.6960494e-08
5992,R,1.0260148e-07
1444,S,3.1625596e-08
5415,P,2.8837974e-08
5745,S,3.4362476e-08
173,S,3.3943618e-08
5580,P,3.2313945e-08
9085,S,3.084465e-08
9720,D,4.653607e-08
8035,P,3.2748336e-08
4243,S,3.0590027e-08
4110,D,4.5680917e-08
2431,D,4.6418435e-08
3093,S,3.179452e-08
4538,S,3.24562e-08
6653,H,1.6851944e-05
7241,R,1.08170106e-07
1581,D,4.7879677e-08
1296,S,3.4400507e-08
786,S,3.1912997e-08
5966,S,3.2864158e-08
4291,R,1.13858924e-07
8061,R,1.3593628e-07
4606,R,1.3040018e-07
6037,P,3.3005374e-08
4726,P,3.2879836e-08
8119,H,1.3232667e-05
5073,P,2.857129e-08
9555,S,3.136165e-08
8006,S,3.3088387e-08
2683,S,3.3259795e-08
9030,D,4.559874e-08
9289,R,1.378345e-07
4473,R,1.712196e-07
875,S,3.311901e-08
6152,H,8.848167e-06
2153,D,4.5462485e-08
6219,P,3.221075e-08
7268,R,1.3776656e-07
3198,R,1.0432701e-07
7752,D,4.5083667e-08
1389,D,4.6808115e-08
8811,P,3.0570078e-08
8572,S,3.3257006e-08
7577,P,3.1615762e-08
8366,P,3.2570554e-08
8448,D,4.5561446e-08
3816,R,1.1468881e-07
5177,R,1.2532094e-07
2937,S,3.343637e-08
9106,R,1.4031852e-07
9845,R,1.207321e-07
7705,P,3.2804603e-08
2189,P,3.2740406e-08
9413,S,3.269591e-08
2331,S,3.21017e-08
2534,S,3.2773016e-08
8419,D,4.680285e-08
27,D,4.5387107e-08
647,R,1.9711577e-07
5104,H,8.846311e-06
2679,S,3.0327957e-08
2615,D,4.6486747e-08
1639,S,3.2848117e-08
8582,H,7.472779e-06
7938,D,4.649393e-08
4214,S,3.4531194e-08
8356,H,4.15096e-05
6992,H,1.0434979e-05
4487,D,4.5187917e-08
592,S,3.194954e-08
4316,D,4.5304077e-08
1789,P,3.1734842e-08
8371,P,3.2113395e-08
4817,D,4.6358092e-08
2525,P,3.2424147e-08
3688,S,3.300695e-08
4723,P,3.1992037e-08
3114,S,3.2680695e-08
3549,S,3.0979493e-08
6770,S,3.4313747e-08
6651,H,9.287668e-06
554,S,3.09463e-08
5599,H,1.3732608e-05
832,S,3.4311714e-08
4302,R,1.1125268e-07
7472,H,6.11772e-05
6484,P,3.3756834e-08
3709,R,1.3457931e-07
5675,P,2.9827824e-08
7866,P,3.163537e-08
5862,S,3.163374e-08
8958,S,3.216949e-08
6931,P,3.2532185e-08
7038,P,3.239361e-08
3118,S,3.2084863e-08
5623,P,3.1570448e-08
7014,P,3.305552e-08
4146,P,3.042593e-08
5746,S,3.4473352e-08
4714,D,4.527298e-08
6477,P,3.268537e-08
7114,D,4.659389e-08
7499,H,1.2301299e-05
4012,D,4.559918e-08
2236,S,3.158834e-08
6991,H,6.0135435e-06
1297,S,3.3471146e-08
5991,R,1.17887325e-07
4835,D,4.560979e-08
4121,D,4.681383e-08
9711,D,4.6571323e-08
6249,P,3.3218967e-08
1955,D,4.5616837e-08
5451,R,1.043089e-07
5315,P,3.2479296e-08
2526,P,3.164557e-08
784,S,3.348679e-08
7769,P,3.2733787e-08
9456,R,1.1274341e-07
9556,S,3.1974412e-08
7237,R,1.1773789e-07
7701,P,2.97497e-08
7758,D,4.714654e-08
9013,D,4.5894886e-08
8295,R,1.2310933e-07
3974,D,4.5416552e-08
7293,D,4.6829815e-08
8687,S,3.2771208e-08
2442,D,4.5266248e-08
2846,P,3.2579063e-08
1917,D,4.5701224e-08
6059,P,3.220565e-08
4421,R,1.174639e-07
7755,D,4.56211e-08
6913,D,4.6796067e-08
677,R,1.1571979e-07
3942,R,1.0835532e-07
6932,P,3.2533237e-08
2834,D,4.741718e-08
6248,P,3.363177e-08
7255,R,2.18633e-07
3718,R,1.2539756e-07
6032,P,3.2920624e-08
9590,D,4.5839858e-08
2147,D,4.697223e-08
8864,S,3.149575e-08
1011,P,3.2591867e-08
2074,S,3.509519e-08
4279,S,3.0487627e-08
348,P,3.3375645e-08
805,S,3.51339e-08
4665,D,4.5190333e-08
3960,D,4.5244494e-08
1283,P,3.1424463e-08
5768,S,3.252933e-08
3900,H,1.707376e-05
5365,S,3.3174583e-08
5553,S,3.276552e-08
8913,S,3.4146407e-08
8639,P,3.3462655e-08
562,S,3.0030304e-08
89,D,4.6571323e-08
6339,H,1.2192074e-05
730,D,4.5743523e-08
9236,D,4.6643414e-08
8457,P,3.230427e-08
7152,S,3.24239e-08
8390,H,2.8405388e-05
4938,H,1.3176302e-05
6764,P,3.2772018e-08
7155,S,3.185595e-08
3631,P,3.28525e-08
5764,S,3.2928597e-08
77,D,4.5457718e-08
1749,D,4.478498e-08
5427,S,3.309741e-08
7885,S,3.0076336e-08
2932,P,3.137721e-08
9780,H,1.7991038e-05
287,S,3.303447e-08
15,D,4.548547e-08
8959,S,3.175343e-08
4262,S,3.0460246e-08
5741,S,3.1966177e-08
1759,D,4.717299e-08
8052,S,3.0560457e-08
6682,S,3.223355e-08
6586,P,3.2133187e-08
1630,S,3.2709007e-08
4968,P,3.0812426e-08
5981,R,1.459431e-07
5913,D,4.5140368e-08
5145,H,9.31474e-06
7156,S,3.3182495e-08
6,D,4.5602828e-08
7320,D,4.7641368e-08
4480,D,4.8744926e-08
684,D,4.6253344e-08
4200,S,3.3467824e-08
9669,H,1.9925206e-05
3235,D,4.571622e-08
8486,S,3.1666822e-08
7579,P,3.2912084e-08
3947,D,4.6911076e-08
622,R,1.23483e-07
3821,R,1.2220465e-07
2912,H,9.255113e-06
4706,D,4.5102674e-08
5650,S,3.2258274e-08
362,S,3.1216512e-08
5581,P,3.1483257e-08
7502,H,3.2073225e-05
3839,D,4.5500222e-08
2036,S,3.0898292e-08
6075,H,1.7770366e-05
6171,H,6.3902866e-05
6183,H,9.432065e-06
4080,D,4.548634e-08
8164,S,2.94869e-08
6591,P,3.2826446e-08
9644,H,1.8863997e-05
7490,P,3.3390354e-08
4590,S,3.2802408e-08
4884,P,3.201884e-08
6581,S,3.3699063e-08
7868,S,3.441849e-08
8301,D,4.6632742e-08
3604,D,4.5435787e-08
2864,S,3.1798404e-08
2642,P,3.0100555e-08
8681,S,3.2681072e-08
5620,P,3.1920724e-08
8283,H,8.842321e-06
6715,D,4.6950465e-08
7692,D,4.609605e-08
2779,S,3.2968313e-08
6789,P,3.383967e-08
4516,S,3.2872872e-08
860,S,3.4218193e-08
7558,D,4.5593872e-08
1164,D,4.6614158e-08
6341,H,7.947271e-06
1870,D,4.556892e-08
1873,D,4.650067e-08
1225,S,3.1852913e-08
8418,D,4.679553e-08
257,S,3.209662e-08
8024,P,3.0894167e-08
7340,D,4.548851e-08
9656,P,3.2065653e-08
2811,D,4.5686757e-08
7615,P,3.2482582e-08
3201,R,1.178418e-07
742,D,4.5551193e-08
748,D,4.6359947e-08
358,S,3.1108456e-08
3618,D,4.5715346e-08
7110,D,4.6801865e-08
3892,S,3.4429522e-08
8399,H,1.4414767e-05
2959,S,2.88954e-08
8186,H,1.8457315e-05
7529,D,4.7423605e-08
6536,S,3.344415e-08
2113,R,1.03815665e-07
5687,S,3.2097045e-08
6419,P,3.2507373e-08
4010,D,4.5333298e-08
3477,S,3.474499e-08
5794,P,3.0091197e-08
7787,S,3.0231913e-08
1677,D,4.748035e-08
1562,D,4.5457284e-08
9482,D,4.640436e-08
1897,D,4.6799368e-08
4543,S,3.277008e-08
3543,S,3.0758113e-08
7850,D,4.939681e-08
8328,D,4.65564e-08
8019,S,3.1203236e-08
479,D,4.5483475e-08
235,S,3.179143e-08
6684,S,3.023906e-08
8767,D,4.6991765e-08
6824,S,3.165915e-08
2496,S,3.026526e-08
9365,P,3.1058416e-08
33,D,4.673764e-08
4908,P,3.2408504e-08
3783,P,3.1865675e-08
9146,S,3.0945124e-08
2159,P,3.2536462e-08
7447,S,2.9833004e-08
3251,D,4.571631e-08
2824,D,4.6362516e-08
2500,S,3.0479136e-08
255,S,3.123891e-08
1933,D,4.708292e-08
9078,S,3.3033903e-08
4065,D,4.5158195e-08
384,H,9.991514e-06
6954,H,3.1367683e-05
7544,D,4.5460144e-08
3167,H,1.3785343e-05
8922,S,3.2539383e-08
6911,D,4.6479474e-08
8722,R,2.0363956e-07
4222,S,3.101248e-08
405,R,1.5889349e-07
8177,H,1.8843857e-05
1902,D,4.7422244e-08
507,P,3.2173663e-08
9192,R,1.3521225e-07
4158,P,3.121991e-08
1785,P,3.169407e-08
7798,S,3.2217383e-08
4342,D,4.553521e-08
8473,S,3.3758376e-08
2359,S,3.3503845e-08
6617,S,3.136291e-08
7917,R,1.3381693e-07
9330,P,3.185577e-08
2041,S,3.33062e-08
7187,S,3.2398553e-08
9478,D,4.6648935e-08
1490,D,4.5343935e-08
698,D,4.634165e-08
5827,P,3.3176164e-08
3775,P,3.2695848e-08
8170,H,8.579885e-05
102,D,4.637596e-08
9846,R,1.2169386e-07
952,D,4.646831e-08
8393,H,1.901019e-05
2901,S,3.1131425e-08
827,S,3.175658e-08
5556,S,3.1879658e-08
733,D,4.5270824e-08
7276,R,1.1977895e-07
702,D,4.659238e-08
1649,S,3.086572e-08
1970,D,4.5574048e-08
1678,D,4.583173e-08
7199,S,3.2124177e-08
6367,P,3.2213944e-08
2214,H,5.311757e-05
8189,H,8.7617955e-06
4424,R,1.18647975e-07
4159,P,3.1591714e-08
7313,D,4.7690644e-08
542,S,3.1556063e-08
9150,S,3.2989323e-08
2869,S,3.1008163e-08
5502,P,3.1767e-08
9062,P,3.2554343e-08
6263,S,3.298901e-08
6324,S,3.361593e-08
3826,D,4.6139064e-08
9823,R,1.3574571e-07
9722,D,4.714807e-08
9020,D,4.682946e-08
7687,D,4.7491035e-08
3885,P,3.2735972e-08
8626,D,4.579887e-08
4201,S,3.3800386e-08
139,D,4.623059e-08
6907,D,4.582587e-08
4403,S,3.0468673e-08
8514,S,3.1955327e-08
179,S,3.428084e-08
8955,P,3.2588265e-08
5412,P,2.9060272e-08
7039,P,3.3095773e-08
6150,H,1.2731498e-05
9538,P,3.315232e-08
8978,R,1.1492311e-07
3794,S,3.138966e-08
2099,S,3.4138463e-08
5965,S,3.100402e-08
902,R,1.1198804e-07
4492,D,4.5510635e-08
4305,R,1.1666166e-07
8179,H,9.923985e-06
9363,H,7.6146016e-06
8844,S,3.419027e-08
9652,P,3.246332e-08
5205,H,9.115263e-05
237,S,3.2042852e-08
1391,D,4.566132e-08
7098,D,4.6929962e-08
9497,D,4.6505992e-08
424,D,4.551932e-08
1158,R,1.1640983e-07
2690,S,3.0507984e-08
9185,H,1.4783451e-05
6013,D,4.732493e-08
8357,H,1.5017202e-05
6908,D,4.6013124e-08
4761,H,1.022632e-05
1355,S,3.0820186e-08
3533,S,3.3290515e-08
670,R,1.27088e-07
6206,P,3.2609154e-08
7525,R,1.13136544e-07
9763,P,3.1392055e-08
5890,R,2.1057858e-07
5612,P,3.174974e-08
9110,D,4.6662013e-08
8874,S,2.9831412e-08
485,D,4.686922e-08
3620,D,4.553356e-08
8505,S,3.1762035e-08
1111,S,3.0876905e-08
7127,D,4.5515414e-08
1174,D,4.65469e-08
3333,P,3.070899e-08
9328,S,2.980394e-08
402,R,1.2668384e-07
1697,D,4.5902677e-08
5184,R,1.2719555e-07
1203,S,3.403892e-08
3103,S,3.0291535e-08
1661,S,3.1910744e-08
7540,D,4.5558142e-08
7530,D,4.5847028e-08
322,D,4.4925635e-08
7139,P,3.260138e-08
7750,D,4.5242167e-08
9557,S,3.148734e-08
2547,S,3.2738345e-08
1882,D,4.5357773e-08
4988,S,3.2439985e-08
1465,R,1.5084849e-07
5942,P,3.2168078e-08
6003,R,1.4914438e-07
4844,D,4.5649735e-08
7711,D,4.649038e-08
2533,S,3.348813e-08
1987,D,4.708723e-08
6459,P,3.2907877e-08
3614,D,4.5653742e-08
5825,P,3.283521e-08
4271,S,3.0452988e-08
4161,P,3.149731e-08
252,S,2.9916198e-08
5051,H,8.662699e-06
7436,S,3.1522553e-08
1350,S,3.3161168e-08
5445,R,9.5197954e-08
7773,P,3.2515995e-08
838,S,3.2622527e-08
4900,P,3.140481e-08
4107,D,4.6594245e-08
7360,P,3.201884e-08
7903,S,3.2316407e-08
1657,S,3.4460335e-08
4160,P,3.245168e-08
6861,H,2.831527e-05
9233,D,4.640126e-08
583,S,2.9048635e-08
914,D,4.5822897e-08
9304,P,3.3864787e-08
9531,D,4.52792e-08
3638,S,3.3119388e-08
813,S,3.3005563e-08
3691,H,0.993761
649,R,1.0043369e-07
466,D,4.5574833e-08
2487,S,3.27228e-08
6636,H,1.8221454e-05
5337,P,3.221327e-08
7930,R,1.528797e-07
3657,H,1.16419715e-05
8823,P,3.2604614e-08
8251,S,3.0587223e-08
153,P,3.3585742e-08
5133,H,1.0665276e-05
2568,R,1.3716888e-07
1963,D,4.6860553e-08
9851,R,1.4753634e-07
8193,H,1.5549173e-05
6500,P,3.2331144e-08
5157,P,3.269672e-08
6572,S,3.271057e-08
214,P,3.1766394e-08
5459,R,1.2673193e-07
2476,S,3.3918248e-08
3541,S,3.1482056e-08
6742,S,3.2050917e-08
2012,D,4.5111015e-08
3981,D,4.5605788e-08
8605,D,4.642357e-08
2648,P,3.333334e-08
3710,R,1.271103e-07
7931,R,1.18411265e-07
2645,P,2.9836475e-08
4700,D,4.557005e-08
8904,S,3.3042536e-08
4935,H,1.894603e-05
3623,D,4.5666546e-08
2171,S,3.366251e-08
3639,S,3.2836088e-08
7893,S,3.249727e-08
2978,H,6.264816e-05
1704,D,4.5786727e-08
3413,D,4.5564402e-08
4508,S,3.2351622e-08
9804,S,3.2204053e-08
4172,P,3.1478095e-08
350,H,2.9017392e-05
3987,D,4.5793193e-08
7210,S,3.1783607e-08
8389,H,1.3300494e-05
222,S,3.1243736e-08
6457,P,3.1242127e-08
8947,P,3.2208046e-08
5076,P,2.9486168e-08
8132,H,8.9870855e-06
1430,S,3.1928703e-08
1518,D,4.5257096e-08
6287,S,3.3683897e-08
3994,D,4.5599002e-08
771,P,3.2188517e-08
6331,S,3.0900296e-08
7517,R,1.3040516e-07
4102,D,4.5751023e-08
4633,D,4.5568488e-08
931,D,4.7160842e-08
8159,S,3.3056217e-08
3646,S,3.054414e-08
2044,S,2.9831867e-08
4385,S,3.3701443e-08
9374,P,3.2023667e-08
3561,S,3.264288e-08
8860,S,3.2948073e-08
4311,D,4.571709e-08
6904,D,4.575827e-08
6518,S,3.0184836e-08
7484,P,3.1297056e-08
3923,H,1.0114672e-05
1393,D,4.549007e-08
4747,H,1.1632782e-05
7250,R,1.7059925e-07
2167,P,3.1680596e-08
3237,D,4.61307e-08
7170,S,3.3871313e-08
1797,P,3.222654e-08
8869,S,3.0374963e-08
2682,S,3.3980797e-08
9559,S,2.9993323e-08
9220,D,4.590408e-08
48,D,4.5096822e-08
4521,S,3.209772e-08
3538,S,3.2416914e-08
5542,S,3.3224925e-08
2629,D,4.641631e-08
5438,S,3.1406547e-08
6319,S,3.484646e-08
339,P,2.9428298e-08
5060,H,2.0547664e-05
5713,H,1.1660728e-05
7526,R,1.2178523e-07
4173,P,3.1303024e-08
3914,H,1.1314065e-05
662,R,1.3534371e-07
9860,D,4.6377906e-08
9714,D,4.6106074e-08
8986,R,1.2334236e-07
1621,S,3.0684923e-08
7271,R,1.1424495e-07
3998,D,4.5147e-08
5347,P,3.2017557e-08
1805,D,4.706478e-08
3171,H,9.204675e-06
7620,P,3.1716873e-08
9168,P,3.2772643e-08
2706,S,3.2690238e-08
1773,P,2.7414446e-08
7033,P,3.1937716e-08
520,S,3.2406096e-08
3443,P,3.195222e-08
1918,D,4.5469424e-08
1658,S,3.342062e-08
5395,P,3.2501855e-08
4339,D,4.546006e-08
6443,S,2.9206305e-08
612,R,1.0913999e-07
2274,S,3.2809293e-08
8350,H,1.886763e-05
4330,D,4.5516106e-08
2655,S,3.3565183e-08
5886,R,1.6366893e-07
2104,S,3.3028044e-08
6842,S,3.2359523e-08
8327,D,4.6591403e-08
2084,S,3.1811872e-08
36,D,4.6182468e-08
7566,D,4.6264194e-08
4749,H,1.0726263e-05
4909,P,3.191099e-08
4502,P,3.2822065e-08
7208,S,3.1158812e-08
4848,D,4.559518e-08
6392,P,3.2438376e-08
7581,P,3.1416672e-08
8207,R,1.2047158e-07
196,H,1.0521316e-05
576,S,3.3382076e-08
3768,P,3.2176793e-08
7642,H,1.658753e-05
5084,H,1.42464905e-05
1442,S,3.184028e-08
9615,H,3.5917707e-05
4630,D,4.6049912e-08
4751,H,1.582719e-05
9003,R,1.5814503e-07
2117,D,4.700826e-08
47,D,4.613845e-08
983,D,4.6088488e-08
2540,S,3.0780416e-08
5692,S,3.294946e-08
1852,D,4.564634e-08
740,D,4.5507164e-08
2001,D,4.7180365e-08
7448,S,2.9722475e-08
6814,P,3.3118567e-08
320,D,4.757817e-08
9443,S,3.3816896e-08
4052,D,4.5608136e-08
133,D,4.6982713e-08
2353,S,3.251264e-08
5134,H,1.091068e-05
8925,R,1.4516314e-07
1701,D,4.5364175e-08
187,S,3.2294903e-08
4983,P,3.200254e-08
3273,P,3.0538896e-08
399,R,1.3076992e-07
2309,P,3.3028297e-08
8058,R,1.1497672e-07
8805,P,3.1181223e-08
581,S,3.0133585e-08
6142,P,3.2824317e-08
4404,S,3.0327783e-08
7308,D,4.7517588e-08
8810,P,3.0791924e-08
1593,D,4.5531042e-08
1400,P,3.1879292e-08
8877,S,3.3558337e-08
6294,S,3.227077e-08
9731,D,4.5683795e-08
849,S,3.139553e-08
4961,S,3.2173354e-08
8032,P,3.2791903e-08
4557,S,3.287212e-08
8653,H,1.6376778e-05
9189,H,6.669215e-06
3074,S,3.317439e-08
9621,H,3.3358163e-05
1053,H,7.502642e-06
4512,S,3.1236468e-08
3308,S,3.3137965e-08
3876,D,4.568127e-08
6440,S,3.240665e-08
2634,D,4.5145015e-08
2929,P,3.354771e-08
6917,D,4.582893e-08
2513,R,1.2589413e-07
30,D,4.546613e-08
9814,H,2.3757504e-05
6173,H,2.76187e-05
8405,R,1.3213372e-07
501,D,4.601883e-08
3949,D,4.5839506e-08
3673,S,3.3732437e-08
6626,S,2.8774734e-08
1638,S,3.2005406e-08
5342,P,3.181102e-08
8059,R,1.0595657e-07
7906,S,3.202232e-08
7889,S,2.9984804e-08
2132,D,4.640312e-08
5067,H,1.6689783e-05
4742,S,3.109303e-08
7936,D,4.8108436e-08
3617,D,4.551663e-08
8788,P,3.25315e-08
1716,D,4.591161e-08
2014,D,4.41467e-08
6984,H,7.1261297e-06
1386,D,4.6336787e-08
2880,H,3.1473668e-05
5114,P,2.7990787e-08
1712,D,4.5597787e-08
5987,R,1.3115547e-07
6269,S,3.306372e-08
2785,S,3.36602e-08
5071,P,2.854253e-08
9470,R,1.2763823e-07
5408,H,2.3270768e-05
8512,S,3.3430183e-08
4359,P,3.0756997e-08
4453,P,3.1666215e-08
623,R,1.2034528e-07
7451,S,3.2271384e-08
1558,D,4.5423484e-08
7379,S,3.2948385e-08
3864,D,4.5983384e-08
7551,D,4.5407543e-08
7543,D,4.5751023e-08
5407,H,1.4985913e-05
5726,H,8.328414e-06
9740,P,3.031876e-08
4054,D,4.5233794e-08
9580,R,2.4068606e-07
7827,H,1.6042633e-05
3737,D,4.5880093e-08
4818,D,4.6621537e-08
2089,S,3.0552123e-08
9178,S,3.028865e-08
4903,P,3.13044e-08
5730,H,6.8496493e-06
800,S,3.226283e-08
3663,P,2.905412e-08
5058,H,1.19866045e-05
8695,S,3.2751085e-08
8051,S,3.099793e-08
503,P,3.1783365e-08
2004,D,4.607214e-08
7377,P,3.2229924e-08
365,S,3.2578072e-08
5518,P,3.1800948e-08
2367,S,3.124147e-08
8669,S,3.3544897e-08
2168,P,3.2217383e-08
3156,P,3.146057e-08
7745,D,4.5660798e-08
8738,D,4.6570523e-08
5731,H,8.987155e-06
5448,R,1.03643536e-07
1889,D,4.459873e-08
2489,S,3.323044e-08
7146,P,3.193705e-08
5108,H,8.81891e-06
7393,S,3.1603587e-08
970,D,4.5449568e-08
3329,S,3.1279868e-08
728,D,4.5694424e-08
3867,D,4.55651e-08
6790,P,3.3304616e-08
2620,D,4.773724e-08
6395,S,3.2646742e-08
7765,P,2.89169e-08
9684,R,1.9762491e-07
8660,S,3.181903e-08
6400,S,3.3593302e-08
6939,P,3.280266e-08
9466,R,1.118719e-07
5486,P,3.2289424e-08
725,D,4.5785505e-08
2482,S,3.354701e-08
1150,R,1.2635734e-07
4393,S,3.0624527e-08
8431,D,4.64025e-08
7097,D,4.628326e-08
9749,P,3.2252e-08
6283,S,3.4168625e-08
8530,H,3.255927e-05
8743,D,4.6085326e-08
6305,S,3.2055564e-08
10,D,4.553599e-08
994,D,4.7299753e-08
7595,H,1.7294751e-05
2343,S,3.2861152e-08
3045,D,4.5551456e-08
8338,P,3.3316052e-08
8993,R,1.2878783e-07
4993,S,3.1384214e-08
5265,S,3.1955757e-08
5873,R,1.3809777e-07
8428,D,4.7200256e-08
953,D,4.631788e-08
7406,S,3.4112364e-08
3781,P,3.107649e-08
4219,S,3.140397e-08
2364,S,3.1533258e-08
885,S,3.201011e-08
3573,S,3.277627e-08
2479,S,3.2518905e-08
1319,P,3.226147e-08
7077,D,4.7066578e-08
2700,S,3.2440788e-08
2549,S,3.1190147e-08
39,D,4.578603e-08
9757,P,3.0798148e-08
9210,D,4.7326374e-08
9745,P,3.2277228e-08
9840,R,1.10576146e-07
8286,R,1.4727837e-07
1365,D,4.853526e-08
4389,S,3.0971457e-08
9275,R,1.3843798e-07
8452,D,4.6262166e-08
1899,D,4.6728367e-08
6481,P,3.2532434e-08
6028,P,3.323494e-08
5546,S,3.3875704e-08
5064,H,1.5411022e-05
8131,H,1.8897848e-05
5695,S,3.189121e-08
9680,H,1.8730105e-05
9234,D,4.544558e-08
7898,S,3.209068e-08
401,R,1.1320518e-07
6267,S,3.345908e-08
1464,R,1.5699814e-07
3379,D,4.6298446e-08
8717,R,1.4670546e-07
6702,R,1.01850226e-07
9586,D,4.7781967e-08
3051,D,4.5553193e-08
6926,P,3.2812423e-08
8245,S,3.149497e-08
4562,S,3.29291e-08
9042,D,4.618608e-08
2607,D,4.5455984e-08
3005,D,4.553486e-08
5936,H,1.6152058e-05
1662,S,3.1330142e-08
3546,S,3.1510112e-08
1276,D,4.6921997e-08
5,D,4.539499e-08
8944,P,3.2065532e-08
5684,S,3.366861e-08
5121,H,1.6758286e-05
7633,H,9.24086e-06
2022,P,3.3231515e-08
2802,R,1.5392027e-07
2410,D,4.556579e-08
3658,H,1.1614426e-05
4444,P,3.2560553e-08
5199,S,3.3788975e-08
8264,S,3.358709e-08
8010,S,3.0936505e-08
4668,D,4.5034074e-08
3964,D,4.5528694e-08
8334,P,3.195106e-08
4711,D,4.5749278e-08
4547,S,3.203271e-08
3622,D,4.5524356e-08
5209,P,3.2377425e-08
5997,R,1.3061661e-07
1026,S,3.398287e-08
7274,R,1.1393649e-07
9600,P,3.2514258e-08
569,S,3.2205712e-08
673,R,1.15567495e-07
9052,P,2.8484338e-08
8773,D,4.68627e-08
8000,S,3.413215e-08
5292,P,3.0941756e-08
1348,S,3.356397e-08
9317,S,3.053383e-08
1402,P,3.24762e-08
9700,R,1.4054808e-07
4986,P,3.253603e-08
2969,H,2.5865027e-05
6833,S,3.332444e-08
7104,D,4.7110497e-08
5833,P,2.9950165e-08
9572,S,3.0747557e-08
3863,D,4.6893906e-08
4631,D,4.580848e-08
5611,P,3.1764337e-08
6923,P,3.2734224e-08
3843,D,4.5781928e-08
9173,S,3.62131e-08
1736,D,4.638923e-08
4258,S,3.0499898e-08
8413,R,1.2837019e-07
1502,D,4.6501377e-08
1077,S,3.1724372e-08
1333,S,3.490793e-08
869,S,3.3966153e-08
5982,R,1.4174447e-07
4798,R,1.0893618e-07
9524,D,4.567743e-08
9393,S,3.2384467e-08
2837,P,2.9084116e-08
3372,D,4.7040817e-08
9530,D,4.6939274e-08
8421,D,4.6030504e-08
5086,H,1.6512433e-05
2590,D,4.641144e-08
6686,S,3.1896747e-08
6539,H,1.0772178e-05
2661,S,3.2299525e-08
9392,S,3.109629e-08
8932,R,1.508147e-07
6645,H,7.510667e-06
1278,D,4.541638e-08
5843,H,2.0914958e-05
6592,P,3.1177954e-08
8347,P,3.1233903e-08
5869,R,1.6691422e-07
2081,S,3.153061e-08
9534,P,3.231721e-08
197,H,1.3438322e-05
3434,P,3.211309e-08
6495,P,3.27223e-08
7948,D,4.621428e-08
5005,D,4.7446857e-08
5603,P,2.8391478e-08
4649,D,4.544749e-08
9190,H,6.0898165e-06
5321,P,3.3152066e-08
1604,D,4.633299e-08
6295,S,3.2909572e-08
5378,H,7.736765e-06
8893,S,3.1764518e-08
2764,P,3.2996496e-08
950,D,4.519947e-08
2691,S,3.0690135e-08
9704,D,4.7004317e-08
9636,H,4.9899336e-05
929,D,4.8872653e-08
1255,R,1.5940847e-07
8478,S,3.2317274e-08
1363,R,1.4492286e-07
3157,P,3.2499127e-08
5413,P,2.893969e-08
8723,R,1.8338794e-07
3219,R,1.3704675e-07
7918,R,1.1686187e-07
3829,D,4.570942e-08
6794,P,3.3027728e-08
6177,H,2.0249852e-05
6140,P,3.2725172e-08
8588,R,1.1520172e-07
8936,R,1.3760689e-07
4970,P,3.288642e-08
2769,P,3.1755672e-08
1151,R,1.1684661e-07
3935,R,1.3387448e-07
9384,P,3.1708524e-08
6743,S,3.1432858e-08
1554,D,4.7522573e-08
7154,S,3.2010657e-08
2329,S,3.3351657e-08
3922,H,1.4385022e-05
5513,S,3.1531215e-08
6465,P,3.3269885e-08
7261,R,2.1094037e-07
8604,D,4.5943406e-08
8765,D,4.6345185e-08
1277,D,4.547697e-08
1827,D,4.5618574e-08
7685,D,4.709882e-08
7929,R,1.5766314e-07
6077,H,8.167234e-06
8697,S,3.075659e-08
2900,S,3.2914343e-08
5693,S,3.1757004e-08
7561,D,4.5555886e-08
76,D,4.6525244e-08
1436,S,3.2787145e-08
7967,D,4.6601087e-08
5724,H,6.2449317e-06
4476,R,1.10601036e-07
6187,P,3.36387e-08
3809,R,1.02259e-07
9654,P,3.2300818e-08
2828,D,4.5186543e-08
9200,R,1.2372325e-07
7189,S,3.219582e-08
4586,S,3.2334658e-08
8477,S,3.2457994e-08
7233,R,1.1300434e-07
9183,H,7.325322e-06
7775,P,3.3579912e-08
9316,S,2.9422516e-08
6067,H,1.229255e-05
2987,R,1.138281e-07
2881,H,1.7884464e-05
5700,H,1.2804349e-05
1439,S,3.2625703e-08
6505,S,3.2028428e-08
410,R,1.3089208e-07
4544,S,3.230439e-08
2390,D,4.5386418e-08
3144,D,4.575033e-08
9298,P,3.2545714e-08
2239,S,3.2879708e-08
6414,H,7.455432e-06
69,D,4.598882e-08
3195,H,8.198262e-06
7960,D,4.6944646e-08
2558,S,3.4283453e-08
9760,P,3.138936e-08
763,P,3.271787e-08
9404,S,3.1551487e-08
6366,P,3.2017066e-08
6363,H,2.0411651e-05
3955,D,4.5376634e-08
1779,P,2.9877192e-08
3519,S,3.4349892e-08
7713,D,4.5944986e-08
8293,R,1.2820354e-07
7989,S,3.339787e-08
9569,S,3.3765524e-08
3286,H,2.6535328e-05
5308,P,3.2185387e-08
9835,R,1.3395444e-07
999,D,4.7012026e-08
3912,H,1.3805288e-05
6182,H,8.41499e-06
8210,R,1.17273615e-07
8658,H,9.853932e-06
7459,S,3.0997754e-08
548,S,3.3297503e-08
1799,P,3.3487044e-08
5155,P,2.9165609e-08
2351,S,3.2915914e-08
2188,P,3.289363e-08
3373,D,4.6798387e-08
9542,P,3.2881587e-08
8203,R,1.3454465e-07
7744,D,4.580114e-08
9526,D,4.57952e-08
3490,P,3.1667607e-08
584,S,3.1408824e-08
3092,S,3.120306e-08
8117,P,3.279021e-08
7492,P,3.356967e-08
6723,P,3.2276798e-08
3203,R,1.4176514e-07
1735,D,4.5718224e-08
8858,S,3.2907188e-08
8487,S,3.0772078e-08
9866,D,4.693157e-08
6349,H,0.00017484164
1751,D,4.582666e-08
2162,P,3.2194475e-08
8945,P,3.122122e-08
8077,D,4.710223e-08
1706,D,4.5424695e-08
889,S,3.361657e-08
6628,H,7.2075104e-06
4506,S,3.2510783e-08
4811,R,1.217958e-07
8707,S,3.0349774e-08
4073,D,4.551402e-08
1468,R,1.3793732e-07
5562,S,3.0943234e-08
8946,P,3.2191586e-08
5604,P,2.8440148e-08
3815,R,1.04611345e-07
4196,S,3.2503404e-08
5441,R,1.843216e-07
3153,P,2.8452249e-08
2947,S,3.326043e-08
1040,S,3.3567552e-08
4282,S,3.05173e-08
2838,P,3.176179e-08
8120,H,9.593555e-06
6669,P,3.2651727e-08
2398,D,4.597856e-08
1909,D,4.557857e-08
6523,S,2.9309767e-08
3221,R,1.16828666e-07
4137,P,3.2287208e-08
2129,D,4.5804374e-08
5718,H,9.578626e-06
4252,S,3.0600063e-08
1520,D,4.6459533e-08
9209,D,4.546422e-08
9707,D,4.667982e-08
9169,S,3.358318e-08
1048,S,3.458498e-08
985,D,4.6414453e-08
7622,P,3.1044024e-08
9262,P,3.3384815e-08
4634,D,4.5566747e-08
1260,R,1.2000844e-07
4916,P,3.303384e-08
4286,S,3.140295e-08
3280,S,3.5279285e-08
20,D,4.578638e-08
8835,S,3.273029e-08
5799,P,3.242798e-08
3735,D,4.6666017e-08
4215,S,3.4674546e-08
8361,H,5.7803236e-06
6938,P,3.3210984e-08
4212,S,3.1526103e-08
8294,R,1.3603407e-07
8887,S,3.3242358e-08
1957,D,4.665294e-08
2040,S,3.258261e-08
5566,S,3.4079978e-08
4674,D,4.568179e-08
8244,S,3.2288558e-08
2718,R,1.07889875e-07
8891,S,3.1921395e-08
4707,D,4.5440984e-08
7167,S,3.423151e-08
629,R,1.2748337e-07
9697,R,1.3020993e-07
8365,H,2.089022e-05
125,D,4.6049475e-08
2402,D,4.528205e-08
1672,R,1.1736738e-07
1199,S,3.3826183e-08
372,S,3.2811045e-08
1714,D,4.5290946e-08
2804,R,1.6975386e-07
8718,R,1.3236378e-07
315,D,4.6218947e-08
159,P,3.338373e-08
9353,P,3.302036e-08
3238,D,4.589681e-08
8158,S,3.311143e-08
8586,R,1.11233376e-07
9841,R,1.08265255e-07
132,D,4.6057647e-08
6329,S,3.1325364e-08
6693,H,0.0008274051
2452,P,3.3293183e-08
300,S,3.2330156e-08
1095,S,3.317591e-08
8016,S,3.461765e-08
3070,S,3.232048e-08
1915,D,4.5507164e-08
8953,P,3.328861e-08
5563,S,3.2162312e-08
578,S,3.116232e-08
8575,S,3.0803907e-08
5029,H,1.5543506e-05
1549,D,4.6700123e-08
8118,H,2.080348e-05
6843,S,3.1965815e-08
6508,S,3.2014686e-08
4367,S,3.19063e-08
5998,R,1.3837767e-07
7722,D,4.5929212e-08
9775,H,8.36495e-06
5239,S,3.112715e-08
6629,H,2.2217704e-05
3532,S,3.357466e-08
5364,S,3.395268e-08
8008,S,3.218121e-08
9323,S,3.229281e-08
227,S,3.0954862e-08
6982,H,1.3768053e-05
1176,P,2.9195274e-08
9080,S,3.2586524e-08
4743,S,3.0281253e-08
6849,S,3.3026847e-08
1530,D,4.739512e-08
1822,D,4.6457316e-08
1724,D,4.5828667e-08
9682,H,1.5978001e-05
1869,D,4.5555538e-08
5350,P,3.1687243e-08
3002,R,1.2918639e-07
8503,S,3.3067312e-08
3165,S,3.2565396e-08
7207,S,3.1261678e-08
8392,H,1.0380528e-05
4925,P,3.2176608e-08
2255,S,3.08052e-08
6719,D,4.7384994e-08
1101,S,3.2459234e-08
1201,S,3.429104e-08
2025,P,3.3610092e-08
4375,S,3.266792e-08
6486,P,3.3158955e-08
2243,S,3.3120273e-08
3575,S,3.058454e-08
2569,R,1.2607458e-07
5263,S,3.215765e-08
8785,P,3.349132e-08
5826,P,3.316971e-08
3054,D,4.555302e-08
4960,S,3.2496956e-08
6573,S,3.0591252e-08
9608,P,3.3576647e-08
3008,D,4.5559187e-08
6947,P,3.3130448e-08
480,D,4.5633282e-08
1990,D,4.598847e-08
4528,S,3.170381e-08
5213,P,3.1627344e-08
6337,H,2.7686503e-05
6662,P,3.2291272e-08
1574,D,4.5545463e-08
1489,D,4.663221e-08
9499,D,4.575722e-08
7307,D,4.7276753e-08
5817,S,3.2477004e-08
2260,S,3.2452547e-08
8597,R,1.179962e-07
2101,S,3.413e-08
3763,P,2.925358e-08
6257,S,3.363382e-08
8769,D,4.7195755e-08
2800,S,3.270564e-08
397,R,1.1956598e-07
6671,P,3.2176118e-08
6922,P,3.328506e-08
7855,P,3.2641452e-08
2221,P,2.810881e-08
9294,D,4.7156437e-08
1132,S,3.301935e-08
5652,S,2.9830613e-08
5398,P,3.1577496e-08
5109,H,8.934121e-06
1989,D,4.5802626e-08
3056,P,2.8198219e-08
3874,D,4.5792145e-08
1741,D,4.5969617e-08
2854,P,3.2232688e-08
3779,P,3.2365943e-08
4980,P,3.161474e-08
6174,H,0.00011814715
8415,R,1.18881516e-07
9496,D,4.723475e-08
2046,R,1.0014733e-07
2322,S,3.528689e-08
8075,D,4.692065e-08
6328,S,3.110721e-08
9068,S,3.4255546e-08
5325,P,3.347632e-08
7042,S,3.2971524e-08
1703,D,4.607346e-08
1929,D,4.5556234e-08
3405,D,4.5546503e-08
750,D,4.552783e-08
1306,S,3.1053737e-08
1342,S,3.3028297e-08
8907,S,3.2466353e-08
1796,P,3.1473654e-08
4702,D,4.5812147e-08
3893,S,3.30455e-08
4685,D,4.502248e-08
668,R,1.2079913e-07
6458,P,3.232911e-08
7816,S,3.2054892e-08
6606,S,3.3548798e-08
1908,D,4.5949367e-08
1565,D,4.57211e-08
9635,H,1.9029436e-05
7138,P,3.186142e-08
6619,S,3.139409e-08
6433,S,3.123569e-08
7439,S,3.107133e-08
7330,D,4.5821064e-08
1761,D,4.5961112e-08
634,R,1.2094459e-07
7160,S,3.0510137e-08
113,D,4.532102e-08
1841,D,4.7026823e-08
6241,P,3.2423344e-08
1055,H,1.2977356e-05
4315,D,4.5490676e-08
8489,S,3.3207883e-08
5181,R,1.39632e-07
7356,P,3.19312e-08
1243,S,3.102437e-08
7779,P,3.276558e-08
3300,P,2.831717e-08
4209,S,3.0641647e-08
8195,H,7.887688e-06
2740,D,4.550647e-08
8792,P,3.3076837e-08
9095,S,3.1948076e-08
6309,S,3.0840415e-08
5579,P,3.2411783e-08
4032,D,4.5454076e-08
2150,D,4.6216833e-08
8129,H,5.2697065e-05
2957,S,3.1609314e-08
2524,P,3.172135e-08
7846,D,4.6606868e-08
3068,P,3.2005712e-08
8315,D,4.8072483e-08
3776,P,3.2821124e-08
7629,H,1.825629e-05
9545,P,3.26081e-08
1211,S,3.220565e-08
3257,P,2.862267e-08
6944,P,3.251897e-08
5619,P,3.198112e-08
3132,R,1.3288158e-07
2646,P,3.2383543e-08
8847,S,3.277227e-08
8549,P,3.087343e-08
8257,S,3.446664e-08
1866,D,4.5574918e-08
8888,S,3.334561e-08
9522,D,4.6328214e-08
5038,P,3.3030755e-08
3127,R,1.3748333e-07
6690,S,3.0933144e-08
1127,S,3.1407623e-08
5065,H,2.0709276e-05
6774,S,3.310063e-08
7203,S,3.2143056e-08
2807,R,1.7412667e-07
4182,S,3.3558464e-08
9424,S,3.1683978e-08
9311,P,3.1031654e-08
4448,P,3.1605335e-08
6545,H,2.7847744e-05
5957,S,3.299694e-08
3637,S,3.3109032e-08
3193,H,7.677852e-06
8601,D,4.7563013e-08
8839,S,3.3662445e-08
296,S,3.2229003e-08
1455,S,3.3028044e-08
4374,S,3.2624335e-08
8704,S,3.2693166e-08
7176,S,3.323342e-08
2618,D,4.696542e-08
1582,D,4.6324857e-08
9126,P,2.988209e-08
7985,S,3.264861e-08
1171,D,4.6625804e-08
5515,S,3.1609733e-08
7905,S,3.1178015e-08
628,R,1.3737258e-07
6444,S,3.0578242e-08
2666,S,3.246301e-08
7825,S,3.0706296e-08
7973,P,3.2389103e-08
5050,H,1.0295306e-05
8046,P,3.3615095e-08
1849,D,4.524087e-08
329,P,3.154962e-08
6239,P,3.0811073e-08
92,D,4.6177977e-08
6010,R,1.5030656e-07
528,S,3.1459546e-08
3350,S,3.0052536e-08
1387,D,4.6658457e-08
6133,D,4.831276e-08
8764,D,4.6151207e-08
8232,P,3.267054e-08
1510,D,4.650005e-08
956,D,4.562423e-08
3582,S,2.8987033e-08
3791,S,3.2561797e-08
307,R,1.2498579e-07
4919,P,3.3708382e-08
1335,S,3.4562426e-08
9718,D,4.6116536e-08
2119,D,4.7459164e-08
1419,S,3.2067e-08
8307,D,4.683008e-08
8574,S,3.26994e-08
4660,D,4.6574787e-08
4682,D,4.573611e-08
2960,S,3.4726767e-08
1919,D,4.5103704e-08
371,S,3.2083886e-08
4117,D,4.584799e-08
1637,S,3.1931748e-08
391,R,1.2085282e-07
4166,P,3.1816484e-08
7073,R,1.14171314e-07
7507,H,8.371949e-06
7531,D,4.627929e-08
5780,P,3.159521e-08
5340,P,3.208315e-08
3353,S,3.1170522e-08
1116,S,3.185024e-08
7883,S,3.0488962e-08
1143,S,3.2381813e-08
6884,R,1.317625e-07
1384,D,4.657967e-08
7945,D,4.6473183e-08
4094,D,4.5750063e-08
6753,P,3.3368515e-08
6616,S,2.999178e-08
2062,D,4.610326e-08
840,S,3.264139e-08
531,S,3.1478393e-08
9708,D,4.6708763e-08
785,S,3.335127e-08
4898,P,3.1326916e-08
4353,D,4.50516e-08
6266,S,3.245354e-08
3720,R,1.2785813e-07
7922,R,1.2070768e-07
9151,H,0.000115191244
689,D,4.6670113e-08
4313,D,4.5650957e-08
7303,D,4.811642e-08
8772,D,4.7208633e-08
6234,P,3.3052494e-08
5190,P,3.28364e-08
7616,P,3.3111682e-08
4489,D,4.551411e-08
2391,D,4.540945e-08
4580,S,3.144107e-08
9312,P,2.997108e-08
9800,S,3.206639e-08
6567,P,3.2145568e-08
2951,S,3.1282134e-08
2228,P,3.2830453e-08
9033,D,4.726963e-08
4500,P,3.2546705e-08
816,S,3.2925204e-08
6090,R,1.1899404e-07
3164,S,3.2089943e-08
2628,D,4.7844164e-08
9751,P,3.204108e-08
5008,D,4.6691753e-08
7652,R,1.3537766e-07
1450,S,3.0816306e-08
3042,D,4.5572136e-08
9631,H,1.5144368e-05
3978,D,4.5441247e-08
4392,S,3.0669888e-08
2551,S,3.0727563e-08
5836,P,3.1363985e-08
1206,S,3.238725e-08
7214,S,3.0475707e-08
4525,S,3.141877e-08
6608,S,3.3549185e-08
778,P,3.1392595e-08
9426,S,3.277833e-08
3574,S,3.2602063e-08
7894,S,3.2704015e-08
4655,D,4.550673e-08
5638,P,3.3316304e-08
4696,D,4.6014005e-08
7111,D,4.7231417e-08
3080,S,3.4140157e-08
2242,S,3.215507e-08
5630,P,3.2361065e-08
3310,S,3.095368e-08
8545,P,3.091191e-08
7426,S,3.210978e-08
7521,R,1.4369802e-07
2899,S,3.3005815e-08
2819,D,4.649641e-08
4463,S,3.406529e-08
1295,S,3.0967026e-08
6099,D,4.763819e-08
5938,H,1.0159539e-05
6552,H,3.8938695e-05
9278,R,1.4677822e-07
6869,R,1.9723046e-07
4267,S,3.046577e-08
9495,D,4.5534254e-08
5837,P,3.2069202e-08
3265,P,3.289037e-08
9573,R,1.1247385e-07
2626,D,4.6576385e-08
605,S,3.235471e-08
8749,D,4.747926e-08
1973,D,4.5322572e-08
4669,D,4.5305548e-08
1266,R,1.1621437e-07
2714,R,1.252686e-07
5068,H,1.51845725e-05
4295,R,1.04342526e-07
735,D,4.653243e-08
7411,S,3.156118e-08
2991,R,1.1203311e-07
3298,P,2.8112993e-08
9154,H,8.469355e-05
2054,R,1.3831591e-07
8987,R,1.2002835e-07
1986,D,4.7794913e-08
250,S,3.300166e-08
9282,R,1.3362168e-07
4062,D,4.6095522e-08
3427,P,2.812699e-08
1876,D,4.6490825e-08
770,P,3.2721427e-08
6374,P,3.3024328e-08
1285,P,3.3220363e-08
4802,R,1.1871463e-07
1015,P,3.3378893e-08
1404,P,3.281092e-08
5893,R,1.8622045e-07
3106,S,3.0991075e-08
1571,D,4.6431275e-08
3250,D,4.572529e-08
1456,S,3.282801e-08
6660,P,3.235582e-08
3450,S,3.08573e-08
1019,P,3.2840223e-08
2843,P,2.842659e-08
128,D,4.512952e-08
7051,S,3.367272e-08
6942,P,3.2741966e-08
719,D,4.6471587e-08
5717,H,9.243522e-06
5696,S,3.264911e-08
155,P,3.1759793e-08
6973,S,3.279722e-08
5168,H,9.583944e-06
525,S,3.2670165e-08
8780,P,3.2330775e-08
7919,R,1.201469e-07
9088,S,3.1072517e-08
5721,H,7.656691e-06
6551,H,7.742791e-05
3102,S,3.042396e-08
9245,D,4.5520014e-08
5756,S,2.8280034e-08
4801,R,1.08937215e-07
3879,P,3.190064e-08
5903,D,4.6067573e-08
8954,P,3.1024786e-08
4877,P,3.165052e-08
1115,S,3.2845108e-08
5098,H,9.981571e-06
5218,P,3.189602e-08
5454,R,1.04065464e-07
1475,R,1.3452977e-07
6492,P,3.2946566e-08
8542,P,3.245855e-08
1423,S,3.3484554e-08
5006,D,4.7215025e-08
7856,P,3.3516375e-08
53,D,4.5566747e-08
6227,P,3.306107e-08
2678,S,3.219404e-08
3641,S,3.080937e-08
7186,S,3.4152205e-08
3363,R,1.1806543e-07
7442,S,3.2717118e-08
9011,D,4.704782e-08
11,D,4.572058e-08
5885,R,2.3289215e-07
6207,P,3.170816e-08
1134,S,3.3801676e-08
7469,S,3.3267536e-08
9349,P,3.2414132e-08
4108,D,4.654424e-08
2550,S,3.1011123e-08
7157,S,3.23807e-08
1110,S,3.0467163e-08
5072,P,2.8700956e-08
4689,D,4.528611e-08
3941,R,1.1726848e-07
9806,H,1.4521216e-05
2462,S,3.2843417e-08
8470,P,3.2690174e-08
6627,H,2.9354009e-05
5191,P,3.2261784e-08
4407,S,3.0309682e-08
411,R,1.1513626e-07
6297,S,3.2523932e-08
5446,R,9.7355546e-08
3241,D,4.5679265e-08
1707,D,4.5481915e-08
8270,S,3.2611457e-08
1559,D,4.7160032e-08
3687,S,3.4219237e-08
7245,R,1.0894947e-07
4185,S,3.3461887e-08
9782,H,1.7488172e-05
2702,S,3.16344e-08
626,R,1.1502004e-07
8956,P,3.0615066e-08
4987,S,3.3292167e-08
2914,H,9.770202e-06
2418,D,4.5789964e-08
7953,D,4.451943e-08
3138,D,4.591669e-08
9513,D,4.590303e-08
4017,D,4.5462397e-08
5676,P,2.9991952e-08
4536,S,3.2043765e-08
7998,S,3.422635e-08
6199,P,3.2936008e-08
8634,P,3.246493e-08
5986,R,1.3555258e-07
8685,S,3.2932494e-08
519,S,3.291993e-08
4069,D,4.5583523e-08
6369,P,3.134951e-08
5035,P,3.320744e-08
7736,D,4.5924743e-08
5545,S,3.4222236e-08
9425,S,3.122324e-08
8714,R,1.597931e-07
2365,S,3.2028918e-08
5056,S,3.2494913e-08
3037,D,4.5588045e-08
2429,D,4.4279773e-08
8734,D,4.6246814e-08
7336,D,4.641135e-08
5319,P,3.2901976e-08
8386,H,5.7678017e-06
5311,P,3.2187348e-08
7124,D,4.511747e-08
806,S,3.405983e-08
5074,P,2.8483415e-08
8737,D,4.600865e-08
2436,D,4.6391264e-08
553,S,3.167951e-08
7004,P,3.3852e-08
493,D,4.5629452e-08
4475,R,1.2659628e-07
1286,P,3.187297e-08
3445,S,3.186938e-08
2291,S,3.121717e-08
2754,D,4.5850438e-08
1693,D,4.5553538e-08
1236,S,3.282319e-08
1932,D,4.5737327e-08
5606,P,3.2224943e-08
7489,P,3.1946126e-08
7117,D,4.514476e-08
3181,H,1.43129055e-05
1766,D,4.5445407e-08
9362,H,6.865047e-05
7343,D,4.5761322e-08
1028,S,3.2669977e-08
8853,S,3.2538885e-08
8080,D,4.660598e-08
9174,S,3.1348915e-08
9837,R,1.2447144e-07
4936,H,1.4039416e-05
6222,P,3.1252675e-08
6799,P,3.215912e-08
8382,H,1.6426127e-05
1547,D,4.6707786e-08
606,S,3.2662438e-08
6821,S,3.384935e-08
1251,R,1.2573034e-07
5773,S,3.288347e-08
3539,S,3.266973e-08
8300,D,4.6835442e-08
5129,H,9.075341e-06
1314,P,2.8411575e-08
5078,P,3.326957e-08
706,D,4.4663935e-08
1953,D,4.6574165e-08
2299,S,3.1722077e-08
7619,P,3.2941223e-08
2145,D,4.5307537e-08
4524,S,3.13363e-08
2261,S,3.0705767e-08
7737,D,4.564408e-08
6421,P,3.2482394e-08
4575,S,3.207954e-08
1281,D,4.5722935e-08
6130,D,4.6084008e-08
4410,S,3.012709e-08
2588,D,4.7384994e-08
2420,D,4.6294474e-08
9288,R,1.5705565e-07
6119,R,1.2374059e-07
1320,P,3.2492682e-08
5455,R,1.06001856e-07
4592,S,3.312375e-08
2169,P,3.233293e-08
9406,S,2.9353965e-08
7580,P,3.2460967e-08
1362,R,1.12715675e-07
2019,P,3.2054892e-08
1683,D,4.661629e-08
6516,S,3.3617084e-08
8711,R,2.0690877e-07
1715,D,4.5293106e-08
1388,D,4.5170168e-08
2148,D,4.7241418e-08
9331,P,2.9702868e-08
3025,D,4.5561794e-08
8516,S,3.0933556e-08
1646,S,3.2268492e-08
7216,S,3.0551835e-08
1161,R,1.2031039e-07
636,R,1.17327424e-07
7024,P,3.0746616e-08
4920,P,3.350909e-08
817,S,3.2554965e-08
8782,P,3.1883e-08
1514,D,4.600444e-08
6126,R,1.1842018e-07
4438,D,4.5526786e-08
9857,D,4.535691e-08
5816,S,3.2435217e-08
4186,S,3.3601314e-08
1887,D,4.526236e-08
1503,D,4.6254314e-08
6196,P,3.2919868e-08
1409,P,3.16113e-08
2278,S,3.275377e-08
5278,R,1.2101036e-07
9691,R,1.2314021e-07
7651,R,1.19141546e-07
4007,D,4.52919e-08
7792,S,3.314979e-08
409,R,1.1621826e-07
8756,D,4.720548e-08
5519,P,3.2713313e-08
8048,P,3.2610274e-08
9467,R,1.2189201e-07
5198,S,3.4883968e-08
3493,P,3.1923708e-08
9155,H,6.9211374e-06
6286,S,3.410729e-08
3968,D,4.5492847e-08
7385,S,3.2019148e-08
1470,R,1.6268326e-07
7582,P,3.213815e-08
3073,S,3.3633114e-08
2944,S,3.2528273e-08
3137,D,4.589585e-08
7717,D,4.615306e-08
7607,H,1.8931634e-05
5909,D,4.644642e-08
2103,S,3.4205467e-08
2671,S,3.4222825e-08
5792,P,3.107382e-08
7224,R,1.5849454e-07
2473,S,3.2839782e-08
2597,D,4.771421e-08
5617,P,3.23031e-08
7332,D,4.5471854e-08
3861,D,4.6067484e-08
400,R,1.4398512e-07
2360,S,3.3422594e-08
1196,S,3.256664e-08
3577,S,3.06254e-08
1556,D,4.6411888e-08
3466,S,3.1550947e-08
4218,S,3.116969e-08
5945,P,3.2111007e-08
7230,R,1.13537105e-07
837,S,3.374415e-08
9596,P,3.2255198e-08
1611,P,2.8685577e-08
8228,P,3.2699152e-08
3204,R,1.4329117e-07
8905,S,3.2564405e-08
2266,S,3.2401644e-08
5749,S,3.184362e-08
5898,D,4.6283702e-08
898,R,1.4559377e-07
9046,D,4.63306e-08
3778,P,3.265135e-08
8872,S,3.127838e-08
6550,H,4.1154886e-05
7709,D,4.650546e-08
5734,P,2.9004456e-08
8082,D,4.6737906e-08
8026,P,3.143861e-08
9514,D,4.586487e-08
5418,P,3.2195945e-08
1660,S,3.1665675e-08
2079,S,3.313746e-08
9386,P,3.2058313e-08
2841,P,3.1249574e-08
8107,D,4.481959e-08
8983,R,1.1523699e-07
9603,P,3.2033928e-08
1371,D,4.6219654e-08
8433,D,4.6851348e-08
8916,S,3.2140726e-08
752,D,4.5768918e-08
9229,D,4.5733486e-08
6563,P,3.2723797e-08
3766,P,2.9026426e-08
4781,H,9.518388e-06
3945,R,1.0722478e-07
8551,P,3.3327492e-08
3492,P,3.1880873e-08
788,S,3.1523033e-08
1416,S,3.051718e-08
7648,H,3.405891e-05
9597,P,3.226892e-08
3712,R,1.2284123e-07
1485,D,4.663043e-08
1394,D,4.6003386e-08
2314,P,3.3414754e-08
1945,D,4.563076e-08
1238,S,3.1083072e-08
7739,D,4.5526004e-08
6057,P,3.2307167e-08
6902,D,4.4867832e-08
2882,H,1.1712385e-05
5795,P,2.9230936e-08
3586,R,1.1578029e-07
1148,R,1.28724e-07
8981,R,1.1744957e-07
932,D,4.6335995e-08
5238,S,2.9729167e-08
1774,P,2.9803882e-08
7646,H,1.7544435e-05
919,D,4.7860958e-08
4445,P,3.2642635e-08
8502,S,3.202458e-08
8042,P,3.298165e-08
7311,D,4.7439254e-08
5844,H,4.662659e-05
8866,S,3.0990662e-08
5139,H,1.7976581e-05
9335,P,3.220866e-08
1104,S,3.383728e-08
8154,P,3.2893258e-08
9256,D,4.6448193e-08
1364,R,1.0439269e-07
4208,S,3.069775e-08
8614,D,4.6457675e-08
8202,R,1.6425719e-07
2509,R,1.3982293e-07
1339,S,3.163374e-08
2389,D,4.548729e-08
182,S,3.28401e-08
4384,S,3.39057e-08
1162,D,4.662056e-08
5245,S,3.2010476e-08
3595,D,4.5406072e-08
8451,D,4.608752e-08
669,R,1.2471908e-07
2522,P,3.2953793e-08
5766,S,3.290819e-08
2075,S,3.429529e-08
1823,D,4.4814804e-08
241,S,3.16896e-08
6096,R,1.3003172e-07
4636,D,4.550951e-08
7432,S,3.3340015e-08
5699,H,1.4357488e-05
518,S,3.2943674e-08
6713,D,4.7555485e-08
9550,P,3.283158e-08
6509,S,3.2794343e-08
2872,S,3.5420808e-08
4809,R,1.3257399e-07
6268,S,3.211217e-08
8139,H,1.574316e-05
1775,P,3.2315175e-08
6405,H,1.3027551e-05
9622,H,2.4262077e-05
5348,P,3.2231643e-08
4967,S,2.967178e-08
3671,P,3.321352e-08
3430,P,2.894764e-08
1495,D,4.6427026e-08
5230,S,3.1280763e-08
7244,R,1.0766457e-07
7565,D,4.5556234e-08
5020,P,3.334377e-08
6029,P,3.296926e-08
9036,D,4.7840608e-08
3570,S,3.4094604e-08
4037,D,4.55452e-08
9748,P,3.2758646e-08
6915,D,4.660527e-08
3359,R,1.5412475e-07
8630,D,4.637295e-08
4141,S,3.1060015e-08
9222,D,4.6475222e-08
6402,S,3.2675025e-08
2619,D,4.6656854e-08
2936,S,3.217765e-08
2288,S,3.281355e-08
5995,R,1.0623563e-07
2589,D,4.797978e-08
1305,S,3.2118358e-08
7634,H,1.3886973e-05
8261,S,3.104349e-08
72,D,4.511128e-08
2320,P,3.322334e-08
9364,H,1.04861165e-05
4086,D,4.556136e-08
9128,P,3.0138644e-08
6071,H,1.3525597e-05
8387,H,4.0538694e-06
1093,S,3.3899298e-08
4435,D,4.616019e-08
2594,D,4.6834018e-08
6228,P,3.310063e-08
9382,P,3.0947422e-08
7150,S,3.255372e-08
1160,R,1.2271067e-07
7409,S,3.2749586e-08
7394,S,3.1880326e-08
18,D,4.627611e-08
5487,P,3.2031974e-08
5910,D,4.6855547e-08
1960,D,4.653971e-08
3191,H,7.926749e-06
2216,H,1.9690686e-05
3401,D,4.5540506e-08
8252,S,3.123313e-08
683,D,4.6911527e-08
9113,D,4.5825256e-08
2224,P,2.9472956e-08
5715,H,9.912181e-06
6732,P,3.305426e-08
5390,P,2.9556384e-08
3907,H,1.751436e-05
8096,D,4.631037e-08
905,D,4.8902866e-08
9663,P,3.2418765e-08
9104,R,1.1784618e-07
6054,P,3.2841537e-08
4784,H,6.944099e-06
5935,H,1.2222937e-05
4059,D,4.5503434e-08
1025,S,3.3074883e-08
1600,D,4.6327774e-08
9047,D,4.6409316e-08
9640,H,4.4874232e-05
2583,D,4.547402e-08
5095,H,1.06418765e-05
4456,S,3.161275e-08
9645,H,7.1916297e-06
6863,H,9.063413e-06
5025,H,1.7271084e-05
2878,H,6.35311e-05
321,D,4.6418876e-08
8591,R,1.07075174e-07
8100,D,4.6254577e-08
2732,D,4.8988472e-08
6189,P,3.3036738e-08
4971,P,3.1826556e-08
4395,S,3.075336e-08
9632,H,0.0002922344
3411,D,4.5511246e-08
8494,S,3.1556723e-08
7940,D,4.6774915e-08
620,R,1.280695e-07
2810,R,1.3224769e-07
9015,D,4.5640856e-08
5589,P,2.7607337e-08
1170,D,4.637295e-08
3807,R,9.804747e-08
7277,R,1.1869561e-07
2048,R,1.4139141e-07
613,R,1.1959393e-07
4170,P,3.1644177e-08
9251,D,4.5461878e-08
5382,H,1.0624932e-05
4005,D,4.5115666e-08
1425,S,3.1894373e-08
3918,H,1.4449134e-05
3078,S,3.4221458e-08
3101,S,3.1227646e-08
4015,D,4.5717268e-08
3931,H,3.5367906e-05
470,D,4.6583935e-08
2023,P,3.240257e-08
2470,S,3.282106e-08
3534,S,3.3321516e-08
9579,R,1.4790388e-07
8631,D,4.5701224e-08
6502,S,3.423941e-08
2636,D,4.659131e-08
6445,S,3.12289e-08
6437,S,3.2697532e-08
8962,S,3.501275e-08
8317,D,4.6468664e-08
3316,P,2.8080464e-08
6818,S,3.3720216e-08
9585,D,4.6240554e-08
6988,H,5.2769506e-06
3467,S,3.2245662e-08
6184,H,1.2906068e-05
7010,P,3.3664694e-08
3033,D,4.5614573e-08
5385,H,2.034049e-05
9191,R,1.1705897e-07
7464,S,3.3099244e-08
3253,D,4.5574833e-08
951,D,4.639551e-08
4132,P,3.1915615e-08
2000,D,4.6678128e-08
6532,S,3.4496306e-08
5667,P,3.0418622e-08
6474,P,3.2763953e-08
5537,S,3.3017397e-08
468,D,4.5778e-08
2024,P,3.231234e-08
2018,P,3.221241e-08
9485,D,4.5368242e-08
4265,S,3.055504e-08
5894,R,2.1977483e-07
6658,P,3.3403346e-08
335,P,3.2795906e-08
4760,H,1.1786541e-05
3767,P,3.0451943e-08
7329,D,4.5634938e-08
2582,D,4.5768395e-08
8573,S,3.3986503e-08
3693,H,2.2592605e-05
23,D,4.579948e-08
9624,H,4.493796e-05
6024,D,4.6444825e-08
7295,D,4.645856e-08
7698,P,3.2276493e-08
1172,D,4.569303e-08
9789,H,7.60388e-05
3997,D,4.5268923e-08
3095,S,3.1977947e-08
8126,H,7.5322796e-06
9440,S,3.0763687e-08
3567,S,3.1802585e-08
5432,S,3.2511092e-08
6470,P,3.202104e-08
2616,D,4.6610424e-08
5156,P,3.1269668e-08
8861,S,3.1282912e-08
3089,S,3.1473892e-08
948,D,4.5593612e-08
957,D,4.6183438e-08
5669,P,3.099403e-08
2035,S,3.386582e-08
8078,D,4.703104e-08
8579,H,5.2434407e-06
6941,P,3.2993288e-08
1817,D,4.5186113e-08
221,S,3.3060758e-08
5634,P,3.2635473e-08
5567,S,3.3494707e-08
66,D,4.62777e-08
3478,S,3.4882703e-08
3746,D,4.5692076e-08
3085,S,3.2256366e-08
6621,S,3.1734906e-08
6252,S,3.4266524e-08
2196,S,3.3130256e-08
3972,D,4.5383043e-08
7928,R,1.5926882e-07
1096,S,3.2065778e-08
7887,S,2.923679e-08
984,D,4.4819163e-08
8476,S,3.312438e-08
8425,D,4.5884207e-08
1029,S,3.2185568e-08
4977,P,3.2434848e-08
6711,R,1.4513103e-07
7823,S,3.0577016e-08
6590,P,3.1826072e-08
1259,R,1.0566092e-07
5425,S,3.2499997e-08
7272,R,1.2010575e-07
5226,S,3.243237e-08
3910,H,1.9873245e-05
2643,P,2.7931591e-08
8562,P,3.27499e-08
4030,D,4.5442718e-08
2350,S,3.2949835e-08
5082,H,1.6995717e-05
6284,S,3.3600802e-08
4070,D,4.557457e-08
6594,P,3.148716e-08
7682,D,4.5822727e-08
3048,D,4.5547456e-08
9116,D,4.5594568e-08
3536,S,3.3257386e-08
9817,H,7.904329e-06
7380,S,3.385568e-08
7300,D,4.7315723e-08
9469,R,1.371452e-07
9486,D,4.5832515e-08
2638,D,4.671295e-08
5416,P,3.2225312e-08
6429,S,3.3183063e-08
863,S,3.2611332e-08
2972,H,1.45547265e-05
9019,D,4.5927198e-08
2317,P,3.1525502e-08
582,S,3.0826477e-08
2300,S,3.362234e-08
42,D,4.511833e-08
8226,D,4.5956465e-08
2698,S,3.026203e-08
9348,P,3.1551128e-08
8881,S,3.4415997e-08
9181,S,3.1068073e-08
204,P,2.8017014e-08
4364,P,3.256645e-08
3003,D,4.5565532e-08
7323,D,4.570166e-08
5536,S,3.260716e-08
610,R,1.3098585e-07
7351,P,3.1756702e-08
9453,R,1.13231636e-07
4426,R,1.2667998e-07
1047,S,3.225889e-08
2670,S,3.3268236e-08
4673,D,4.5757048e-08
3651,H,1.1038207e-05
6734,P,3.3283722e-08
9738,D,4.6352877e-08
9655,P,3.281674e-08
4790,H,8.034112e-06
8145,P,2.9723326e-08
1226,S,3.14286e-08
8355,H,2.4124014e-05
2523,P,3.3424573e-08
1513,D,4.590697e-08
9646,H,7.710535e-06
5165,H,9.006424e-06
7548,D,4.5811625e-08
6611,S,3.2443513e-08
7029,P,3.292031e-08
1244,S,3.3395068e-08
5522,P,3.1594844e-08
3227,D,4.59032e-08
5994,R,1.0187898e-07
7879,P,3.183445e-08
1700,D,4.691573e-08
6456,P,3.326519e-08
9801,S,3.352839e-08
7908,S,3.2875068e-08
1422,S,3.385678e-08
5517,P,3.031344e-08
108,D,4.539698e-08
5371,H,7.634503e-06
457,D,4.7689465e-08
5222,S,3.303907e-08
8462,P,3.1543788e-08
2806,R,1.4490767e-07
7112,D,4.6824724e-08
4194,S,3.2727293e-08
6820,S,3.3882166e-08
3154,P,2.9454577e-08
8879,S,3.456078e-08
1453,S,3.327623e-08
9398,S,3.5066687e-08
302,S,3.128106e-08
5259,S,3.444857e-08
2934,P,3.0081384e-08
6276,S,3.2186062e-08
7182,S,3.3239566e-08
3232,D,4.5727035e-08
892,S,3.296134e-08
6762,P,3.2403435e-08
6255,S,3.406048e-08
6475,P,3.2655834e-08
6300,S,3.210274e-08
6415,H,5.229303e-06
3381,D,4.6259345e-08
1500,D,4.5887447e-08
6176,H,9.881939e-06
5983,R,1.4454977e-07
6425,P,3.2174825e-08
9607,P,3.2988382e-08
4846,D,4.563163e-08
6647,H,1.5287416e-05
305,R,1.6104407e-07
8686,S,3.3857358e-08
9347,P,3.2804788e-08
4053,D,4.5305114e-08
563,S,3.0008433e-08
7371,P,3.324001e-08
4735,S,3.1889996e-08
1511,D,4.714897e-08
5252,S,3.165148e-08
3458,S,3.085289e-08
8675,S,3.3286007e-08
9182,S,3.438522e-08
7238,R,1.1973178e-07
5529,P,3.269385e-08
2315,P,3.2810107e-08
3652,H,1.1009527e-05
8325,D,4.4687965e-08
7365,P,3.2282525e-08
575,S,3.3808636e-08
1695,D,4.5647383e-08
6886,R,1.2445055e-07
5633,P,3.183184e-08
6512,S,3.1185923e-08
4376,S,3.3676447e-08
1177,P,2.9446939e-08
7118,D,4.465525e-08
3777,P,3.260107e-08
2304,S,3.2324238e-08
282,S,3.1944662e-08
5386,H,2.4360706e-05
8028,P,3.1478933e-08
7396,S,3.1836997e-08
5237,S,3.064819e-08
8033,P,3.3034283e-08
7768,P,3.099433e-08
6000,R,1.2204382e-07
5452,R,1.0406149e-07
228,S,3.264749e-08
5647,S,3.4660925e-08
3672,P,3.294091e-08
4450,P,3.2079605e-08
4782,H,7.720711e-06
7461,S,3.232171e-08
1155,R,1.079889e-07
4443,P,3.04448e-08
7564,D,4.4923322e-08
98,D,4.5464045e-08
7958,D,4.6395332e-08
5493,P,3.215556e-08
3050,D,4.5563183e-08
4912,P,3.2848053e-08
2443,D,4.478601e-08
1467,R,1.0876676e-07
9385,P,3.1756155e-08
8507,S,3.2292935e-08
1383,D,4.7042523e-08
373,S,3.2369833e-08
4599,S,3.227175e-08
4893,P,3.1397025e-08
19,D,4.6375426e-08
388,R,1.10209136e-07
9488,D,4.595471e-08
14,D,4.515759e-08
3152,P,2.7123653e-08
8682,S,2.9208364e-08
4894,P,3.1295144e-08
22,D,4.572433e-08
9147,S,3.148764e-08
5032,P,3.3420427e-08
317,D,4.632371e-08
564,S,3.000477e-08
5475,D,4.6147335e-08
5931,P,3.2614132e-08
5152,H,1.0022434e-05
1537,D,4.5020677e-08
6315,S,3.515381e-08
1702,D,4.5938062e-08
6215,P,3.2357857e-08
1550,D,4.5278423e-08
3899,H,1.4953606e-05
3589,R,1.1683145e-07
4595,S,3.262894e-08
9710,D,4.7190714e-08
4744,S,3.1550464e-08
2975,H,1.562236e-05
8013,S,3.0960706e-08
4494,P,2.9360402e-08
3823,R,1.268854e-07
6390,P,3.2977244e-08
6181,H,7.783625e-06
5034,P,3.343318e-08
6739,S,3.3208515e-08
6961,P,3.0893812e-08
5303,P,3.2325346e-08
5070,P,2.8169351e-08
7914,R,1.3658108e-07
1253,R,1.2487583e-07
8288,R,1.298233e-07
1486,D,4.633564e-08
8968,S,3.1113142e-08
9259,D,4.7213852e-08
3212,R,1.2158273e-07
4608,R,1.2239244e-07
1546,D,4.5217405e-08
7764,P,2.7909277e-08
8012,S,3.276608e-08
5166,H,8.561343e-06
7508,H,0.00012018821
1147,R,1.4730043e-07
2230,S,3.5017962e-08
4589,S,3.244487e-08
8585,H,1.4252782e-05
747,D,4.4770463e-08
2146,D,4.6546013e-08
7981,S,3.256242e-08
1633,S,3.3325776e-08
9647,H,8.1885255e-06
9633,H,2.1474254e-05
1380,D,4.542296e-08
7522,R,1.3199593e-07
5150,H,7.1292293e-06
6121,R,1.2119109e-07
1888,D,4.5560146e-08
1791,P,3.3369346e-08
1445,S,3.1752464e-08
2529,P,3.2764017e-08
7553,D,4.699562e-08
9202,R,1.1836294e-07
6853,H,3.606764e-05
4325,D,4.5636067e-08
6095,R,1.3381859e-07
61,D,4.5729127e-08
6343,H,8.686194e-06
1311,P,3.30455e-08
2999,R,1.3131617e-07
3244,D,4.565644e-08
1405,P,3.327858e-08
5326,P,3.3942968e-08
6874,R,1.0574539e-07
2270,S,3.1072936e-08
7339,D,4.608655e-08
4442,D,4.5899263e-08
6086,R,1.3568838e-07
6903,D,4.530382e-08
1129,S,3.3053002e-08
4276,S,3.042483e-08
3121,S,2.8198649e-08
3830,D,4.583295e-08
8647,P,3.174526e-08
4709,D,4.5560753e-08
6430,S,3.3830958e-08
9308,P,3.109321e-08
7857,P,3.272798e-08
8205,R,1.7663429e-07
7413,S,3.0797562e-08
4591,S,3.2160532e-08
8493,S,3.1952403e-08
8372,P,3.2380328e-08
332,P,3.1292462e-08
3435,P,3.1082298e-08
2857,P,3.215182e-08
4895,P,3.1599487e-08
9565,S,3.3152634e-08
7284,D,4.6621448e-08
7163,S,3.088303e-08
3270,P,3.1874308e-08
6829,S,3.3737972e-08
295,S,3.2979386e-08
987,D,4.5268838e-08
8432,D,4.6142144e-08
420,D,4.9453558e-08
6656,P,3.2355143e-08
5176,H,1.2358187e-05
7761,D,4.594279e-08
4341,D,4.549189e-08
4870,D,4.5411877e-08
9551,S,3.3133794e-08
4051,D,4.556023e-08
7285,D,4.645032e-08
568,S,3.2776956e-08
3199,R,1.10728735e-07
236,S,3.317958e-08
8622,D,4.588316e-08
3349,P,3.0843474e-08
2760,P,3.15017e-08
3677,S,3.3082266e-08
9,D,4.5852538e-08
9117,D,4.5721627e-08
2408,D,4.557944e-08
7069,R,1.3145802e-07
6511,S,3.3257766e-08
6618,S,3.2014018e-08
9501,D,4.6409586e-08
9593,P,2.7432858e-08
1353,S,3.2715562e-08
9651,P,3.172734e-08
5224,S,3.3523534e-08
5255,S,2.9813492e-08
6667,P,3.258963e-08
6224,P,3.307993e-08
776,P,3.3005122e-08
3356,R,1.3561657e-07
1168,D,4.791092e-08
244,S,3.4061326e-08
7149,S,3.2639832e-08
8763,D,4.6181764e-08
1800,P,3.31398e-08
1862,D,4.5466386e-08
4466,S,3.247112e-08
357,H,1.6274922e-05
9673,H,9.865424e-06
7405,S,3.258733e-08
4278,S,3.044956e-08
5227,S,3.2450007e-08
8461,P,3.2879143e-08
3294,P,2.9300208e-08
3921,H,1.2953714e-05
3228,D,4.591222e-08
8308,D,4.633034e-08
2893,P,2.995411e-08
6431,S,3.272673e-08
794,S,3.167129e-08
9729,D,4.536573e-08
2602,D,4.734127e-08
1397,D,4.6131934e-08
4917,P,3.3322916e-08
5748,S,3.2733098e-08
4888,P,3.159828e-08
8822,P,3.203778e-08
5439,S,3.1822367e-08
3256,P,2.836355e-08
5830,P,3.396356e-08
2474,S,3.2676585e-08
9403,S,3.2331144e-08
4029,D,4.5475495e-08
276,S,3.272336e-08
7596,H,7.777875e-06
2923,P,3.1315924e-08
9369,P,3.2371563e-08
8951,P,3.2463195e-08
2277,S,3.3618687e-08
5094,H,1.0852783e-05
4552,S,3.12921e-08
9444,S,3.2858267e-08
6418,P,3.2534977e-08
6637,H,1.3450451e-05
9290,R,1.4432098e-07
5771,S,3.240832e-08
1723,D,4.568275e-08
7212,S,3.206804e-08
6807,P,3.2826758e-08
1008,P,3.381238e-08
7598,H,4.4065375e-05
7456,S,3.3218083e-08
7668,D,4.8904358e-08
2976,H,3.90098e-05
2623,D,4.555215e-08
2925,P,3.0731254e-08
9124,D,4.5530783e-08
7263,R,1.5846176e-07
8495,S,3.2549874e-08
7972,P,3.3271473e-08
7475,H,8.82469e-06
1487,D,4.6749495e-08
7783,P,3.299052e-08
6615,S,3.1081825e-08
290,S,3.281668e-08
8602,D,4.715149e-08
3449,S,3.0526145e-08
267,S,3.1287147e-08
4314,D,4.571587e-08
4503,P,3.2848742e-08
3205,R,1.4085617e-07
3866,D,4.5714128e-08
3459,S,3.1281836e-08
478,D,4.482515e-08
5054,S,3.2372796e-08
6482,P,3.2772768e-08
6681,S,3.2168078e-08
7184,S,3.301167e-08
4365,P,3.122396e-08
2729,D,4.7094144e-08
1998,D,4.5935433e-08
9172,S,3.1981973e-08
9350,P,3.289903e-08
6664,P,3.2920873e-08
6200,P,3.2853567e-08
8093,D,4.6158693e-08
741,D,4.5972946e-08
3645,S,3.1334988e-08
6156,H,7.702979e-06
1313,P,3.1273846e-08
1892,D,4.7225562e-08
2739,D,4.5232934e-08
5411,H,2.4294839e-05
4661,D,4.6274877e-08
852,S,3.1954777e-08
7171,S,3.312103e-08
4717,D,4.5140887e-08
9144,P,3.3295215e-08
145,D,4.5577004e-08
7631,H,6.935257e-06
974,D,4.709711e-08
1091,S,3.3303788e-08
6355,H,3.402119e-05
3676,S,3.3061323e-08
9097,R,1.6084208e-07
249,S,3.221413e-08
4715,D,4.531497e-08
7109,D,4.693802e-08
5344,P,3.167274e-08
2492,S,2.9327996e-08
2362,S,3.4382534e-08
412,D,4.980275e-08
1603,D,4.71711e-08
8368,P,3.2166543e-08
3650,H,1.4669945e-05
9787,H,2.8804101e-05
157,P,3.2190727e-08
5467,D,4.7426767e-08
7076,D,4.6363756e-08
1643,S,3.173321e-08
6299,S,3.230852e-08
6525,S,3.249801e-08
8095,D,4.7102407e-08
9375,P,3.2174217e-08
6966,P,3.1624932e-08
513,P,2.9945024e-08
1113,S,2.9665669e-08
4791,H,7.990794e-06
5201,H,0.10416656
5394,P,3.2391632e-08
1527,D,4.6539e-08
7080,D,4.6915194e-08
6708,R,1.09201004e-07
9143,P,3.295354e-08
5154,P,2.862895e-08
3331,P,2.8963491e-08
3222,R,1.3135651e-07
181,S,3.295354e-08
6677,S,3.372491e-08
1853,D,4.5599787e-08
8161,S,3.18421e-08
156,P,3.2237917e-08
4135,P,3.299719e-08
7105,D,4.71442e-08
4055,D,4.565244e-08
2686,S,3.2103046e-08
1447,S,3.3151622e-08
1739,D,4.6651603e-08
5973,S,3.2869615e-08
9370,P,3.1504584e-08
777,P,3.2005406e-08
6946,P,3.1941738e-08
1572,D,4.5459192e-08
360,S,3.419914e-08
4125,D,4.5307708e-08
1731,D,4.5929653e-08
3927,H,1.045227e-05
8939,P,3.326887e-08
337,P,3.359894e-08
8519,S,3.281148e-08
5769,S,3.248853e-08
9778,H,1.3689275e-05
8957,S,3.1698306e-08
218,S,3.401705e-08
5920,D,4.4455454e-08
6515,S,3.320782e-08
8942,P,3.2627195e-08
2772,P,3.113297e-08
5600,H,1.4926734e-05
1804,D,4.6671005e-08
3587,R,1.1305586e-07
4859,D,4.5579004e-08
7198,S,3.1356688e-08
3580,S,2.9627612e-08
9685,R,1.6172943e-07
8092,D,4.654095e-08
6642,H,1.0615847e-05
6625,S,3.050909e-08
6831,S,3.3334548e-08
5809,S,3.26384e-08
2458,S,3.309489e-08
4931,H,3.9894006e-05
7839,R,1.548434e-07
7647,H,1.2193446e-05
8825,S,3.366893e-08
7242,R,1.0188131e-07
5015,P,3.2587643e-08
4842,D,4.5644686e-08
1469,R,1.3614114e-07
2822,D,4.5191022e-08
4945,P,3.275883e-08
8281,H,9.316082e-06
6073,H,8.814294e-06
138,D,4.5990927e-08
3555,S,3.0616583e-08
1385,D,4.5647646e-08
5975,S,3.1278674e-08
370,S,3.2088902e-08
2574,R,9.3641994e-08
4380,S,3.3419028e-08
6782,S,3.373842e-08
3929,H,1.0831483e-05
6327,S,3.2315977e-08
1020,S,3.3568003e-08
5434,S,3.1928092e-08
3124,R,1.06175264e-07
6685,S,3.228819e-08
6192,P,3.1432258e-08
1580,D,4.6876195e-08
2334,S,3.1946737e-08
862,S,3.2050977e-08
9612,H,2.4863766e-05
4622,D,4.5476884e-08
4796,H,8.187167e-06
1535,D,4.6806868e-08
1782,P,2.9415952e-08
1548,D,4.5891472e-08
1395,D,4.448743e-08
2879,H,4.2044267e-05
5950,P,3.2753086e-08
603,S,3.414283e-08
1119,S,3.219803e-08
615,R,1.14223376e-07
1505,D,4.5829893e-08
9611,H,2.2623264e-05
6381,P,3.2283882e-08
6361,H,1.45042895e-05
8409,R,1.15361026e-07
938,D,4.5347306e-08
1784,P,2.871174e-08
9868,D,4.6379142e-08
5686,S,3.2142072e-08
2920,P,3.206382e-08
3111,S,3.0846945e-08
6914,D,4.6749406e-08
4741,S,3.208199e-08
2185,P,3.2148634e-08
6211,P,3.325339e-08
8625,D,4.6896943e-08
6473,P,3.2793338e-08
3656,H,9.60859e-06
3872,D,4.601418e-08
8927,R,1.14483804e-07
8980,R,1.1578183e-07
9345,P,3.2252615e-08
1967,D,4.5587264e-08
5683,S,3.3998045e-08
1770,D,4.5587e-08
2743,D,4.558422e-08
5485,P,3.217765e-08
2895,P,3.114075e-08
2403,D,4.7190355e-08
894,R,1.18674e-07
884,S,3.3647872e-08
3296,P,2.856998e-08
1858,D,4.5926324e-08
9380,P,3.1509447e-08
9342,P,3.2264303e-08
7851,D,4.7506802e-08
3260,P,2.9982345e-08
9726,D,4.5496666e-08
3442,P,3.286886e-08
6895,D,4.6013827e-08
7283,D,4.595033e-08
7222,R,2.264109e-07
9463,R,1.4019172e-07
1009,P,3.19677e-08
4775,H,1.2365318e-05
4670,D,4.551732e-08
2180,P,3.2971585e-08
327,P,3.1076606e-08
2593,D,4.5355e-08
5526,P,3.2573844e-08
4437,D,4.5678394e-08
5851,S,3.104876e-08
8112,P,3.28851e-08
2515,R,1.2693539e-07
815,S,3.2008032e-08
7496,H,0.00014694735
964,D,4.560135e-08
5528,P,3.2753206e-08
8212,R,1.3162763e-07
8964,S,3.2589444e-08
7653,R,1.3710074e-07
2245,S,3.3723687e-08
3869,D,4.62156e-08
5818,S,3.293959e-08
5498,P,3.304386e-08
5737,S,3.3892828e-08
2742,D,4.7116156e-08
9417,S,3.0862246e-08
3571,S,3.2750023e-08
2094,S,3.24445e-08
2576,D,4.9647966e-08
3822,R,1.339285e-07
5857,S,3.2592737e-08
4486,D,4.528801e-08
8712,R,1.2883808e-07
57,D,4.5328278e-08
3814,R,1.06271905e-07
7093,D,4.642012e-08
229,S,3.2610398e-08
3903,H,1.288333e-05
3644,S,3.1656374e-08
8062,R,1.5187004e-07
4327,D,4.4433072e-08
5170,H,8.611014e-06
7715,D,4.50896e-08
433,D,4.756002e-08
5926,P,3.248035e-08
4504,S,3.3580683e-08
230,S,3.3940122e-08
8306,D,4.752293e-08
4301,R,1.0704128e-07
4498,P,2.9073355e-08
8291,R,1.2542544e-07
345,P,3.153777e-08
3749,D,4.524717e-08
5449,R,1.0480427e-07
8654,H,1.832362e-05
6876,R,1.12821276e-07
3655,H,1.9125699e-05
4126,D,4.5338655e-08
835,S,3.2809293e-08
502,P,3.1609435e-08
9776,H,1.0632048e-05
7933,D,4.530287e-08
7136,P,3.0512002e-08
3409,D,4.5525397e-08
2077,S,3.4112105e-08
5969,S,3.1825586e-08
3833,D,4.5592568e-08
7481,H,5.2470852e-05
2862,S,3.411796e-08
4577,S,3.1468065e-08
3844,D,4.6148656e-08
3314,P,2.8952334e-08
1136,S,3.1745742e-08
7065,R,1.5380743e-07
8762,D,4.6833925e-08
8790,P,3.158328e-08
9247,D,4.522948e-08
7019,P,3.246276e-08
5500,P,3.2268552e-08
1070,P,3.2592368e-08
8468,P,3.3928146e-08
7358,P,3.090047e-08
1943,D,4.5521837e-08
9391,S,3.2981774e-08
9081,S,3.216593e-08
6235,P,3.321789e-08
3629,P,3.2296878e-08
6326,S,3.3014754e-08
140,D,4.6486214e-08
7099,D,4.657381e-08
4420,R,1.1222742e-07
8724,D,4.4881013e-08
8670,S,3.252536e-08
1181,P,3.3024392e-08
5701,H,1.1841794e-05
6035,P,3.298234e-08
8754,D,4.7656545e-08
1845,D,4.6695135e-08
9197,R,1.1878054e-07
9043,D,4.6479386e-08
4084,D,4.5476103e-08
8279,H,0.00011657287
2598,D,4.6678483e-08
2578,D,4.8701807e-08
6929,P,3.3103852e-08
5877,R,1.14211616e-07
5723,H,7.5937814e-06
5362,S,3.4478674e-08
4792,H,8.058422e-06
101,D,4.5750763e-08
2218,H,1.16439705e-05
596,S,3.1026445e-08
9176,S,3.1911107e-08
4361,P,3.1869565e-08
3234,D,4.5760363e-08
7932,R,1.2405489e-07
1087,S,3.575109e-08
1519,D,4.522922e-08
3108,S,3.162541e-08
7536,D,4.6034017e-08
1265,R,1.1580282e-07
980,D,4.5316177e-08
6712,R,1.5806903e-07
2783,S,3.0783234e-08
5352,S,3.346163e-08
1972,D,4.539464e-08
7434,S,3.3105746e-08
774,P,3.2150353e-08
8167,H,2.5495665e-05
5131,H,1.0079737e-05
8885,S,3.3675544e-08
4418,R,1.0885455e-07
8667,S,3.2012732e-08
9338,P,3.300468e-08
965,D,4.5200853e-08
2013,D,4.5403908e-08
9001,R,1.2811799e-07
441,D,4.74991e-08
880,S,3.2286714e-08
3503,P,2.9452107e-08
3324,P,3.112258e-08
5210,P,3.3011545e-08
4083,D,4.5536428e-08
2450,P,3.2693915e-08
6788,P,3.371462e-08
3338,P,3.2283694e-08
3780,P,3.131694e-08
6380,P,3.279772e-08
9461,R,1.2070285e-07
9493,D,4.6203702e-08
8624,D,4.6828745e-08
8395,H,1.4716971e-05
9423,S,3.2804415e-08
6179,H,5.07073e-06
3554,S,3.0350698e-08
6476,P,3.241079e-08
1343,S,3.142764e-08
2026,P,3.326887e-08
7500,H,7.57044e-06
3134,D,4.6503594e-08
7904,S,3.08732e-08
9809,H,1.3725276e-05
1553,D,4.5746315e-08
3326,S,3.104243e-08
1036,S,2.8444651e-08
4812,R,1.2440178e-07
5976,S,3.233614e-08
627,R,1.3669887e-07
8106,D,4.4498293e-08
579,S,3.1044973e-08
3593,D,4.5401308e-08
4436,D,4.514373e-08
8260,S,3.1583458e-08
4368,S,3.2136068e-08
4459,S,3.475407e-08
5573,S,3.2727105e-08
2064,P,3.0495592e-08
4470,R,1.5092664e-07
4257,S,3.0506474e-08
7165,S,3.255993e-08
807,S,3.3552578e-08
671,R,1.4466107e-07
8349,H,1.5511003e-05
4957,S,3.18599e-08
5793,P,3.0498793e-08
1074,S,3.086819e-08
8240,P,2.9252856e-08
2259,S,3.2781273e-08
4593,S,3.004228e-08
6927,P,3.257068e-08
9681,H,0.000102004546
2730,D,4.5813373e-08
6242,P,3.2514006e-08
6205,P,3.299927e-08
7635,H,9.993743e-06
4169,P,3.1053972e-08
802,S,3.2760518e-08
4021,D,4.551776e-08
2481,S,3.41015e-08
5422,S,3.279891e-08
6344,H,8.248123e-06
643,R,1.5630258e-07
4756,H,9.909081e-06
2157,P,2.9753446e-08
1991,D,4.6131056e-08
5865,R,1.3766675e-07
7729,D,4.502437e-08
7473,H,1.9438949e-05
8420,D,4.6569635e-08
782,P,3.2496217e-08
7337,D,4.5840295e-08
977,D,4.778753e-08
7449,S,3.2471554e-08
8467,P,3.321365e-08
1178,P,3.234274e-08
3283,S,3.341106e-08
565,S,3.3115345e-08
6765,P,3.1122227e-08
3113,S,3.1726554e-08
8198,H,1.1025782e-05
2527,P,3.293865e-08
3097,S,3.0655677e-08
1599,D,4.6779377e-08
7847,D,4.68897e-08
9332,P,3.1340782e-08
1392,D,4.6471587e-08
1030,S,3.0782292e-08
6416,P,3.3743895e-08
6960,P,3.0634926e-08
4578,S,3.1684102e-08
963,D,4.5774154e-08
1156,R,1.12266484e-07
2564,H,1.8245466e-05
5958,S,3.2354215e-08
8833,S,3.046635e-08
7232,R,1.3020035e-07
2596,D,4.6886747e-08
6108,P,3.2661628e-08
7986,S,3.286792e-08
7131,D,4.5442544e-08
9376,P,3.206321e-08
1401,P,3.3309632e-08
724,D,4.6383388e-08
5127,H,8.598885e-06
1541,D,4.5882196e-08
1835,D,4.554902e-08
3887,P,3.241147e-08
2305,S,3.4017244e-08
5080,P,3.2109476e-08
2416,D,4.4930264e-08
7083,D,4.717128e-08
2780,S,3.3720344e-08
756,D,4.5590046e-08
6250,P,3.2645996e-08
5785,P,3.272205e-08
1049,S,3.4337248e-08
2488,S,3.3763595e-08
7234,R,1.4443981e-07
7955,D,4.5516543e-08
2545,S,3.346272e-08
5323,P,3.3318976e-08
6209,P,3.2419635e-08
4195,S,3.2831455e-08
9672,H,3.0324589e-05
6819,S,3.358017e-08
8391,H,4.2410815e-05
656,R,1.14202464e-07
4684,D,4.556779e-08
7684,D,4.646166e-08
3019,D,4.55472e-08
3616,D,4.5775206e-08
3135,D,4.5097682e-08
7045,S,3.3080877e-08
4734,S,3.0904307e-08
6004,R,1.6114163e-07
1408,P,3.1376967e-08
9271,S,3.496944e-08
8383,H,7.318653e-06
4465,S,3.3643445e-08
1682,D,4.5862595e-08
4415,R,1.11260746e-07
6919,P,3.236971e-08
7990,S,3.3137336e-08
3664,P,2.8561319e-08
6323,S,3.326316e-08
3211,R,1.2228323e-07
8346,P,3.3122042e-08
8027,P,3.210776e-08
7974,P,3.2663e-08
1024,S,3.2485804e-08
6125,R,1.1802625e-07
5533,S,3.2843545e-08
8815,P,3.256583e-08
3173,H,8.9937475e-06
7363,P,3.2268552e-08
2182,P,3.1410682e-08
7368,P,3.207061e-08
3420,D,4.562719e-08
4924,P,3.2279754e-08
593,S,3.2807165e-08
8733,D,4.655063e-08
701,D,4.581757e-08
2131,D,4.6158252e-08
7939,D,4.6541842e-08
7597,H,7.5873822e-06
7467,S,3.295675e-08
7327,D,4.575827e-08
8539,P,3.2206632e-08
1994,D,4.5569617e-08
9326,S,2.7419519e-08
7673,D,4.7312295e-08
3429,P,2.8340242e-08
1993,D,4.6175774e-08
154,P,3.2500427e-08
8255,S,3.0935677e-08
4688,D,4.507292e-08
8436,D,4.5879045e-08
2613,D,4.6837854e-08
1367,D,4.8766687e-08
1012,P,3.152039e-08
1461,S,3.251649e-08
9854,D,4.5668287e-08
2237,S,3.143933e-08
3007,D,4.554459e-08
4644,D,4.528853e-08
3934,R,1.2897011e-07
4447,P,3.1934977e-08
3077,S,3.1511973e-08
6272,S,3.1683737e-08
8067,R,1.2033678e-07
1765,D,4.5997155e-08
6972,S,3.2924262e-08
8352,H,1.4141192e-05
5266,S,3.1954535e-08
6997,P,3.0989302e-08
5279,R,1.2610585e-07
4176,P,3.1234084e-08
9024,D,4.5956117e-08
8445,D,4.6210932e-08
6469,P,3.311958e-08
2149,D,4.7292357e-08
7693,P,2.9090163e-08
3013,D,4.5558142e-08
2712,S,3.3522447e-08
8567,S,3.35142e-08
6547,H,3.0118374e-05
5625,P,3.1947465e-08
5346,P,3.2220395e-08
3569,S,3.4000703e-08
7601,H,1.7248813e-05
6198,P,3.2114805e-08
446,D,4.4648772e-08
5774,S,3.151432e-08
8151,P,3.229281e-08
6460,P,3.3475548e-08
4762,H,8.095211e-06
3625,P,3.1997658e-08
4234,S,3.109161e-08
3248,D,4.5590568e-08
4109,D,4.6332016e-08
990,D,4.690795e-08
7281,D,4.7497828e-08
9193,R,1.3698586e-07
6236,P,3.313708e-08
9389,S,3.2495656e-08
5848,H,3.3420798e-05
8447,D,4.589585e-08
5897,D,4.685698e-08
8793,P,3.3312872e-08
3083,S,3.1646593e-08
5236,S,3.0859123e-08
809,S,3.212271e-08
9765,P,3.1732544e-08
1810,D,4.7278284e-08
618,R,1.1740332e-07
4467,S,3.178288e-08
2406,D,4.616873e-08
5367,S,3.1745074e-08
4025,D,4.5449482e-08
7632,H,9.711825e-06
2164,P,3.201261e-08
5162,P,3.1184673e-08
9735,D,4.543622e-08
1769,D,4.389665e-08
904,D,4.8043884e-08
6639,H,1.542321e-05
1803,D,4.7071783e-08
5132,H,1.041443e-05
413,D,4.9834014e-08
2538,S,3.3053883e-08
8731,D,4.640303e-08
3264,P,3.2690423e-08
6165,H,4.002819e-05
1839,D,4.5460837e-08
1974,D,4.5132968e-08
6074,H,1.34319025e-05
4748,H,1.0136167e-05
4927,P,3.2489023e-08
2703,S,2.9688993e-08
6446,S,3.1259056e-08
3140,D,4.6140826e-08
440,D,4.687745e-08
4310,D,4.5754426e-08
5079,P,3.249516e-08
6706,R,1.1987312e-07
4569,S,3.2262953e-08
1938,D,4.5553712e-08
6153,H,8.380305e-06
509,P,3.0548453e-08
8180,H,9.738286e-06
5559,S,3.0832474e-08
4526,S,3.1664165e-08
3364,D,4.623376e-08
3069,S,3.184593e-08
7896,S,3.203356e-08
4763,H,9.253771e-06
9799,S,3.1135464e-08
5442,R,1.675226e-07
3417,D,4.5607266e-08
3674,S,3.3532807e-08
6673,P,3.2995807e-08
1310,P,3.2273842e-08
7809,S,3.4076468e-08
5736,P,3.174968e-08
3562,S,3.1719896e-08
2875,H,9.8586515e-06
7123,D,4.5904166e-08
6020,D,4.803554e-08
5661,P,3.0548627e-08
3031,D,4.547758e-08
7884,S,3.0116748e-08
9785,H,1.4502671e-05
8063,R,1.2692811e-07
308,R,1.238603e-07
9848,R,1.3811425e-07
4519,S,3.2272e-08
3065,P,3.2728977e-08
5824,P,3.2733787e-08
2253,S,3.1995455e-08
2773,P,3.0848827e-08
6081,H,9.570581e-06
2097,S,3.3978854e-08
2561,H,1.0833725e-05
5784,P,3.3242546e-08
4114,D,4.5613096e-08
3988,D,4.5907754e-08
6971,P,3.234897e-08
2892,P,2.8037917e-08
5028,H,1.5243786e-05
6930,P,3.192779e-08
1837,D,4.5116355e-08
392,R,1.0335631e-07
5151,H,9.141811e-06
5819,P,3.1666154e-08
2198,S,3.1713665e-08
6873,R,1.1244597e-07
233,S,3.1903927e-08
3613,D,4.5787864e-08
1650,S,3.2167957e-08
4320,D,4.550708e-08
5091,H,1.2372479e-05
9254,D,4.5330182e-08
3225,D,4.6409138e-08
997,D,4.6424542e-08
2796,S,3.0665092e-08
7091,D,4.6407106e-08
4624,D,4.590583e-08
9297,D,4.7058588e-08
4124,D,4.606362e-08
4224,S,3.1140097e-08
9465,R,1.1772172e-07
1768,D,4.5636593e-08
8414,R,1.1971215e-07
4269,S,3.0433128e-08
232,S,3.2458242e-08
4239,S,3.0613897e-08
4672,D,4.570297e-08
1180,P,3.245106e-08
4072,D,4.548634e-08
7013,P,3.2707824e-08
1673,R,1.0991587e-07
453,D,4.701292e-08
2532,S,3.296844e-08
1086,S,3.0928362e-08
9368,P,3.273909e-08
9492,D,4.5649475e-08
4849,D,4.5597087e-08
5765,S,3.2587515e-08
1152,R,1.188406e-07
1631,S,3.2962973e-08
4371,S,3.1971727e-08
6987,H,1.08300055e-05
3452,S,3.1357704e-08
367,S,3.235687e-08
8706,S,3.1970874e-08
7226,R,1.2983594e-07
1198,S,3.3511323e-08
4851,D,4.562771e-08
8590,R,1.0543644e-07
9747,P,3.381483e-08
4427,R,1.2549795e-07
6871,R,1.330114e-07
2130,D,4.5555275e-08
955,D,4.608884e-08
6661,P,3.266387e-08
2885,H,2.218789e-05
7968,P,2.996891e-08
5656,H,7.664216e-06
5093,H,1.11164345e-05
9055,P,3.0807197e-08
9827,R,1.2631986e-07
8998,R,1.9461466e-07
8555,P,3.1983195e-08
690,D,4.563102e-08
1440,S,3.1851457e-08
3052,D,4.555632e-08
8102,D,4.764446e-08
1719,D,4.6428617e-08
6638,H,1.0896101e-05
9480,D,4.689086e-08
7000,P,3.3018154e-08
80,D,4.6178595e-08
1082,S,3.064223e-08
428,D,4.779081e-08
7695,P,3.1872787e-08
3485,P,3.2008337e-08
9255,D,4.6023832e-08
2339,S,3.3439495e-08
4369,S,3.246115e-08
4383,S,3.352571e-08
8223,D,4.6354025e-08
9111,D,4.66355e-08
6749,P,3.4206053e-08
3662,H,8.529983e-06
3716,R,1.2094506e-07
2422,D,4.692486e-08
6649,H,0.0007448755
2491,S,3.1012007e-08
1567,D,4.595708e-08
6306,S,3.2233796e-08
7706,P,3.0343692e-08
2183,P,3.2356933e-08
2007,D,4.5834437e-08
4434,D,4.5808044e-08
404,R,1.3396196e-07
3461,S,3.2970267e-08
7359,P,3.2382307e-08
577,S,3.2098086e-08
5550,S,3.1767062e-08
6378,P,3.249702e-08
8272,S,3.1829167e-08
4344,D,4.551255e-08
1322,P,3.2009556e-08
9591,D,4.626296e-08
1634,S,3.2170718e-08
7058,S,3.32082e-08
3511,S,3.1191753e-08
2069,S,3.2300942e-08
9243,D,4.6187576e-08
795,S,3.0778185e-08
3319,P,3.146903e-08
2958,S,3.3282387e-08
1480,D,4.6656233e-08
5984,R,1.3907169e-07
6522,S,3.1922312e-08
561,S,3.1104243e-08
7575,P,3.2038447e-08
3242,D,4.560918e-08
8929,R,1.3886218e-07
2840,P,3.1622218e-08
1294,S,3.3272105e-08
6411,H,6.5479535e-06
8651,H,8.042581e-05
3462,S,3.2830577e-08
4414,R,1.1656535e-07
8909,S,3.3184204e-08
1764,D,4.614267e-08
3835,D,4.5822638e-08
7835,R,2.1467557e-07
4777,H,1.0323849e-05
4204,S,3.2086884e-08
3583,R,1.0964346e-07
2606,D,4.8013376e-08
7586,P,3.2694476e-08
248,S,3.201029e-08
6772,S,3.3606824e-08
1883,D,4.5244928e-08
7392,S,3.213974e-08
516,S,3.310095e-08
6412,H,6.330107e-06
484,D,4.61015e-08
9539,P,3.1934306e-08
3603,D,4.560448e-08
