row_norm_mean,row_norm_std,row_pairwise_cos_mean,train_size,n_rows_total,attn_neff_mean,attn_neff_std,attn_entropy_mean,attn_entropy_std,attn_top1_mass_mean,attn_top1_mass_std,neigh_top1_purity_mean,neigh_top1_purity_std,neigh_top5_purity_mean,neigh_top5_purity_std,M_log_mean,M_log_std,M_min,M_max,source,prior_dir,prior_batch_idx,prior_dataset_idx,n_rows,n_features
21.40642738342285,0.15239745378494263,0.7688854932785034,2403.0,3072.0,2077.30859375,64.64331817626953,7.71143102645874,0.015218858607113361,0.0011745449155569077,0.00019937590695917606,0.04633781763826607,0.2103729496013513,0.055007473841554556,0.18236521953857177,,,,,stage2,/dss/lxclscratch/0E/ra63pux2/ra63pux2/mini_tabicl_s2_priors,99,0,3072.0,46.0
21.64808464050293,0.11270167678594589,0.6743965148925781,2786.0,4030.0,881.3922729492188,661.1300659179688,6.813906192779541,0.6886892914772034,0.03363180160522461,0.04194388911128044,0.5819935691318328,0.4934296021557996,0.6154340836012862,0.45518702281592827,,,,,stage2,/dss/lxclscratch/0E/ra63pux2/ra63pux2/mini_tabicl_s2_priors,99,1,4030.0,8.0
21.454206466674805,0.12174646556377411,0.7909917831420898,6574.0,7373.0,3170.6201171875,885.3338623046875,8.362407684326172,0.2670133411884308,0.002791579579934478,0.0011412454769015312,0.3692115143929912,0.48289359036606194,0.3684605757196495,0.4820658428339816,,,,,stage2,/dss/lxclscratch/0E/ra63pux2/ra63pux2/mini_tabicl_s2_priors,99,2,7373.0,97.0
21.47222900390625,0.11318742483854294,0.7927424311637878,7815.0,9698.0,5432.52587890625,264.1659851074219,8.801399230957031,0.03105064108967781,0.0011514960788190365,0.00012021266593364999,0.2591609134360064,0.4382904877705578,0.2591609134360064,0.4382904877705578,,,,,stage2,/dss/lxclscratch/0E/ra63pux2/ra63pux2/mini_tabicl_s2_priors,99,3,9698.0,76.0
21.484439849853516,0.16213127970695496,0.7808570265769958,1635.0,2550.0,1241.1434326171875,195.76995849609375,7.2277727127075195,0.12388700991868973,0.0026114590000361204,0.001332768821157515,0.036065573770491806,0.18655531109566928,0.048743169398907105,0.1653391668443644,,,,,stage2,/dss/lxclscratch/0E/ra63pux2/ra63pux2/mini_tabicl_s2_priors,99,4,2550.0,40.0
21.411211013793945,0.11601634323596954,0.762303352355957,8521.0,9834.0,6181.61328125,1411.9737548828125,8.850876808166504,0.20126605033874512,0.0008124953601509333,0.00045067796600051224,0.5978674790555979,0.49051524439693955,0.6097486671744098,0.468289584503431,,,,,stage2,/dss/lxclscratch/0E/ra63pux2/ra63pux2/mini_tabicl_s2_priors,99,5,9834.0,53.0
21.85266876220703,0.23779624700546265,0.6015565395355225,2959.0,4744.0,2345.03466796875,85.24363708496094,7.880932331085205,0.017362285405397415,0.001160636660642922,0.00015541542961727828,0.13725490196078433,0.34421268211192635,0.1381512605042017,0.3439189040070986,,,,,stage2,/dss/lxclscratch/0E/ra63pux2/ra63pux2/mini_tabicl_s2_priors,99,6,4744.0,12.0
21.431272506713867,0.16084960103034973,0.7307633757591248,3321.0,3864.0,599.7962036132812,265.8497314453125,6.856122016906738,0.2521856427192688,0.011960053816437721,0.008409269154071808,0.4438305709023941,0.4972931015059359,0.47034990791896863,0.4730224586023823,,,,,stage2,/dss/lxclscratch/0E/ra63pux2/ra63pux2/mini_tabicl_s2_priors,99,7,3864.0,95.0
21.84206199645996,0.2407790571451187,0.5003235340118408,4740.0,7730.0,1190.8785400390625,304.28131103515625,7.2706098556518555,0.2156902551651001,0.0031415638513863087,0.0029490662273019552,0.30133779264214045,0.45891585656738504,0.342809364548495,0.445226870244695,,,,,stage2,/dss/lxclscratch/0E/ra63pux2/ra63pux2/mini_tabicl_s2_priors,99,8,7730.0,9.0
21.406517028808594,0.09444259852170944,0.7658516764640808,1534.0,1898.0,1055.8319091796875,228.70350646972656,7.111328601837158,0.15316037833690643,0.004906903021037579,0.002762819640338421,0.057692307692307696,0.23348162272442727,0.14175824175824178,0.22590665034517757,,,,,stage2,/dss/lxclscratch/0E/ra63pux2/ra63pux2/mini_tabicl_s2_priors,99,9,1898.0,36.0
21.49399185180664,0.07934006303548813,0.7539795637130737,3928.0,6055.0,3146.197509765625,48.30787658691406,8.175358772277832,0.0065574669279158115,0.0013182139955461025,0.00020011710876133293,0.34978843441466856,0.47701516134806476,0.34978843441466856,0.47701516134806476,,,,,stage2,/dss/lxclscratch/0E/ra63pux2/ra63pux2/mini_tabicl_s2_priors,99,10,6055.0,20.0
21.557750701904297,0.12780971825122833,0.6460317969322205,3762.0,4980.0,1191.927001953125,424.36053466796875,7.382818222045898,0.4417570233345032,0.004877718631178141,0.0030432555358856916,0.04433497536945813,0.20592280092918802,0.07011494252873564,0.19671121759839608,,,,,stage2,/dss/lxclscratch/0E/ra63pux2/ra63pux2/mini_tabicl_s2_priors,99,11,4980.0,24.0
21.415897369384766,0.1404324173927307,0.7771782875061035,3232.0,4575.0,2629.8310546875,70.0678939819336,7.979194641113281,0.014159130863845348,0.0011088732862845063,8.807473932392895e-05,0.03276247207743857,0.1780806161083418,0.03246463142218913,0.1766228607102682,,,,,stage2,/dss/lxclscratch/0E/ra63pux2/ra63pux2/mini_tabicl_s2_priors,99,12,4575.0,84.0
21.61063003540039,0.14371159672737122,0.6254103183746338,4384.0,8403.0,837.6116943359375,274.8568115234375,7.109605312347412,0.24775952100753784,0.008425370790064335,0.007593355141580105,0.129385419258522,0.3356677934986124,0.175765115700423,0.320806413852723,,,,,stage2,/dss/lxclscratch/0E/ra63pux2/ra63pux2/mini_tabicl_s2_priors,99,13,8403.0,44.0
21.57771873474121,0.10879148542881012,0.7101724743843079,3569.0,6508.0,3037.597900390625,47.17227554321289,8.103630065917969,0.0071327765472233295,0.0008094566874206066,6.299388041952625e-05,0.038448451854372234,0.19230900096395623,0.03865260292616536,0.15750897011376652,,,,,stage2,/dss/lxclscratch/0E/ra63pux2/ra63pux2/mini_tabicl_s2_priors,99,14,6508.0,17.0
21.489727020263672,0.13768775761127472,0.7904329299926758,5739.0,7541.0,4433.69287109375,419.50482177734375,8.534811019897461,0.05512066185474396,0.0009852377697825432,0.0002805448602885008,0.022752497225305215,0.1491548420766665,0.026304106548279693,0.13007746666736056,,,,,stage2,/dss/lxclscratch/0E/ra63pux2/ra63pux2/mini_tabicl_s2_priors,99,15,7541.0,61.0
21.390422821044922,0.111199289560318,0.7970521450042725,4141.0,5621.0,3427.16748046875,364.31756591796875,8.228461265563965,0.06414112448692322,0.0011132584186270833,0.00041359823080711067,0.5993243243243244,0.4902010214834013,0.5982432432432432,0.4824684615436906,,,,,stage2,/dss/lxclscratch/0E/ra63pux2/ra63pux2/mini_tabicl_s2_priors,99,16,5621.0,40.0
21.506237030029297,0.1506318747997284,0.7631170153617859,5939.0,7902.0,5047.234375,425.390869140625,8.608484268188477,0.04852600023150444,0.0008923023706302047,0.00030816294020041823,0.01273560876209883,0.112159803401013,0.013652572592969944,0.11304810089721574,,,,,stage2,/dss/lxclscratch/0E/ra63pux2/ra63pux2/mini_tabicl_s2_priors,99,17,7902.0,43.0
21.462553024291992,0.07866264879703522,0.7821818590164185,2253.0,2929.0,1672.1142578125,64.76875305175781,7.58120584487915,0.022595033049583435,0.0025069033727049828,0.00023588449403177947,0.19674556213017752,0.39783272166165595,0.19674556213017752,0.39783272166165595,,,,,stage2,/dss/lxclscratch/0E/ra63pux2/ra63pux2/mini_tabicl_s2_priors,99,18,2929.0,24.0
21.481407165527344,0.09359331429004669,0.7911496758460999,803.0,1587.0,642.55419921875,19.820741653442383,6.583517074584961,0.01797504350543022,0.006164272781461477,0.0004149757151026279,0.25,0.433289122413121,0.25,0.433289122413121,,,,,stage2,/dss/lxclscratch/0E/ra63pux2/ra63pux2/mini_tabicl_s2_priors,99,19,1587.0,57.0
21.47614860534668,0.10056528449058533,0.7341981530189514,3451.0,5736.0,2425.280517578125,573.7361450195312,7.908716201782227,0.19970963895320892,0.0016827633371576667,0.0011327477404847741,0.0262582056892779,0.15993719714603494,0.028446389496717725,0.14573772817203734,,,,,stage2,/dss/lxclscratch/0E/ra63pux2/ra63pux2/mini_tabicl_s2_priors,99,20,5736.0,16.0
21.536399841308594,0.12134839594364166,0.6849024891853333,4820.0,6857.0,910.722900390625,486.6790771484375,7.179306983947754,0.4284256398677826,0.011701097711920738,0.0074122254736721516,0.019636720667648502,0.13878247451484177,0.03181148748159057,0.13476789260723837,,,,,stage2,/dss/lxclscratch/0E/ra63pux2/ra63pux2/mini_tabicl_s2_priors,99,21,6857.0,25.0
22.045751571655273,0.179707333445549,0.5125067830085754,4691.0,7025.0,3728.8955078125,148.24021911621094,8.359557151794434,0.017914189025759697,0.0011714681750163436,0.00016910421254578978,0.026135389888603255,0.1595720557756948,0.02622107969151671,0.15961170994751603,,,,,stage2,/dss/lxclscratch/0E/ra63pux2/ra63pux2/mini_tabicl_s2_priors,99,22,7025.0,3.0
21.45379066467285,0.137601837515831,0.7584454417228699,2015.0,3055.0,1755.125732421875,57.147117614746094,7.544853210449219,0.01368170976638794,0.0022529882844537497,0.00031333856168203056,0.006730769230769231,0.08180403716222745,0.006730769230769231,0.08180403716222745,,,,,stage2,/dss/lxclscratch/0E/ra63pux2/ra63pux2/mini_tabicl_s2_priors,99,23,3055.0,19.0
21.438831329345703,0.13632498681545258,0.7811330556869507,4002.0,5062.0,3569.700927734375,34.20440673828125,8.23864459991455,0.004668508190661669,0.0006981097394600511,3.2644002203596756e-05,0.14528301886792452,0.35255229535180704,0.14283018867924527,0.3395485385648317,,,,,stage2,/dss/lxclscratch/0E/ra63pux2/ra63pux2/mini_tabicl_s2_priors,99,24,5062.0,73.0
21.432641983032227,0.1285470426082611,0.786454975605011,2522.0,3785.0,2216.75048828125,53.5210075378418,7.771623611450195,0.011362812481820583,0.0017267598304897547,0.00027195204165764153,0.14647664291369755,0.3537234823277248,0.14647664291369755,0.3537234823277248,,,,,stage2,/dss/lxclscratch/0E/ra63pux2/ra63pux2/mini_tabicl_s2_priors,99,25,3785.0,69.0
21.480140686035156,0.10616224259138107,0.7945595979690552,2102.0,3055.0,1542.9456787109375,21.974376678466797,7.516698837280273,0.007553962990641594,0.00350568862631917,0.00023234712716657668,0.3242392444910808,0.46833568351114224,0.3242392444910808,0.46833568351114224,,,,,stage2,/dss/lxclscratch/0E/ra63pux2/ra63pux2/mini_tabicl_s2_priors,99,26,3055.0,86.0
21.410823822021484,0.12360323220491409,0.7799874544143677,2311.0,3240.0,1668.3096923828125,462.8810119628906,7.500800132751465,0.3475158214569092,0.0033190702088177204,0.004811795894056559,0.4316469321851453,0.4955726183279054,0.45188374596340153,0.4476220738002026,,,,,stage2,/dss/lxclscratch/0E/ra63pux2/ra63pux2/mini_tabicl_s2_priors,99,27,3240.0,75.0
21.504549026489258,0.12527641654014587,0.794630229473114,2920.0,5214.0,1967.5657958984375,231.07676696777344,7.832987308502197,0.049869734793901443,0.003832305781543255,0.0011639458825811744,0.0034873583260680036,0.05896365173256771,0.0035745422842197033,0.05910618130681396,,,,,stage2,/dss/lxclscratch/0E/ra63pux2/ra63pux2/mini_tabicl_s2_priors,99,28,5214.0,66.0
21.408945083618164,0.13587656617164612,0.7827038168907166,5418.0,7837.0,4914.140625,48.583003997802734,8.550006866455078,0.004874243400990963,0.0007269321358762681,3.733477933565155e-05,0.24224886316659777,0.4285326909807408,0.18999586606035554,0.30536822336966507,,,,,stage2,/dss/lxclscratch/0E/ra63pux2/ra63pux2/mini_tabicl_s2_priors,99,29,7837.0,75.0
21.585195541381836,0.0925467312335968,0.7040619850158691,5236.0,6778.0,2830.078369140625,1105.5574951171875,8.02821159362793,0.47174111008644104,0.0017588742775842547,0.0013417282607406378,0.5460440985732814,0.4980369439458387,0.6891050583657589,0.4056359640786551,,,,,stage2,/dss/lxclscratch/0E/ra63pux2/ra63pux2/mini_tabicl_s2_priors,99,30,6778.0,12.0
21.535236358642578,0.09299542009830475,0.7423640489578247,1610.0,2486.0,1148.525146484375,17.830312728881836,7.231613636016846,0.008450132794678211,0.0039817169308662415,0.00014515213842969388,0.22031963470319635,0.414698941405219,0.22031963470319635,0.414698941405219,,,,,stage2,/dss/lxclscratch/0E/ra63pux2/ra63pux2/mini_tabicl_s2_priors,99,31,2486.0,14.0
21.48210334777832,0.1325802356004715,0.7758735418319702,2751.0,3523.0,2405.57763671875,48.242122650146484,7.8552117347717285,0.009901960380375385,0.001110004959627986,0.00013798019790556282,0.03367875647668394,0.18051788997577242,0.04481865284974094,0.1746936344096178,,,,,stage2,/dss/lxclscratch/0E/ra63pux2/ra63pux2/mini_tabicl_s2_priors,99,32,3523.0,66.0
21.395837783813477,0.11830655485391617,0.7762146592140198,4630.0,5932.0,4252.0263671875,33.08124542236328,8.400065422058105,0.0038811927661299706,0.0007629720494151115,2.2668220481136814e-05,0.7350230414746544,0.4414905133882302,0.7350230414746544,0.4414905133882302,,,,,stage2,/dss/lxclscratch/0E/ra63pux2/ra63pux2/mini_tabicl_s2_priors,99,33,5932.0,53.0
21.429452896118164,0.1112748458981514,0.7854548692703247,7845.0,9212.0,6372.48876953125,90.34668731689453,8.87756061553955,0.006278025917708874,0.0009290127200074494,6.485517951659858e-05,0.46891002194586684,0.49921510570720046,0.46891002194586684,0.49921510570720046,,,,,stage2,/dss/lxclscratch/0E/ra63pux2/ra63pux2/mini_tabicl_s2_priors,99,34,9212.0,59.0
21.744237899780273,0.20502394437789917,0.5523716807365417,2756.0,5031.0,491.222412109375,232.01739501953125,6.6712422370910645,0.3657428026199341,0.013318607583642006,0.006479938514530659,0.08703296703296703,0.28194533465889415,0.1040879120879121,0.27102202607557585,,,,,stage2,/dss/lxclscratch/0E/ra63pux2/ra63pux2/mini_tabicl_s2_priors,99,35,5031.0,30.0
21.41652488708496,0.14404906332492828,0.7842424511909485,4892.0,5804.0,4351.7353515625,69.2693862915039,8.441644668579102,0.006870838347822428,0.0007408270030282438,4.985353734809905e-05,0.01864035087719298,0.13532541596228412,0.016228070175438595,0.12146121225630034,,,,,stage2,/dss/lxclscratch/0E/ra63pux2/ra63pux2/mini_tabicl_s2_priors,99,36,5804.0,75.0
21.835603713989258,0.1565360277891159,0.5939623117446899,4094.0,6215.0,2909.78466796875,110.20590209960938,8.171594619750977,0.01536086667329073,0.0021113913971930742,0.0004507183039095253,0.2296086751532296,0.4206803649258427,0.22951438000942953,0.42052998895341054,,,,,stage2,/dss/lxclscratch/0E/ra63pux2/ra63pux2/mini_tabicl_s2_priors,99,37,6215.0,5.0
21.589221954345703,0.2705768346786499,0.7935217618942261,4596.0,5874.0,4220.4833984375,50.010154724121094,8.392991065979004,0.005231315735727549,0.0005946984747424722,3.9629419916309416e-05,0.025039123630672927,0.15630509501653242,0.025352112676056335,0.149492986898349,,,,,stage2,/dss/lxclscratch/0E/ra63pux2/ra63pux2/mini_tabicl_s2_priors,99,38,5874.0,53.0
21.364402770996094,0.1001187264919281,0.8018441796302795,1914.0,2210.0,1773.2322998046875,31.131244659423828,7.5206618309021,0.0086689917370677,0.002180245239287615,0.0003675344050861895,0.7702702702702703,0.42137136235327166,0.7608108108108108,0.40882388320149604,,,,,stage2,/dss/lxclscratch/0E/ra63pux2/ra63pux2/mini_tabicl_s2_priors,99,39,2210.0,45.0
21.470659255981445,0.1263342648744583,0.7543731331825256,1812.0,3050.0,860.3256225585938,209.81277465820312,6.945827484130859,0.22535526752471924,0.005679719615727663,0.0032573735807090998,0.2827140549273021,0.4505005576531417,0.3978998384491115,0.4196801141408887,,,,,stage2,/dss/lxclscratch/0E/ra63pux2/ra63pux2/mini_tabicl_s2_priors,99,40,3050.0,100.0
21.408967971801758,0.09079138934612274,0.7784282565116882,6793.0,8106.0,6290.02880859375,169.8463134765625,8.786638259887695,0.013057070784270763,0.0004459077899809927,6.548579403897747e-05,0.722010662604722,0.44817881123212616,0.722010662604722,0.44817881123212616,,,,,stage2,/dss/lxclscratch/0E/ra63pux2/ra63pux2/mini_tabicl_s2_priors,99,41,8106.0,27.0
21.423221588134766,0.11292286962270737,0.7875854969024658,3830.0,5682.0,3433.911376953125,122.30166625976562,8.197583198547363,0.01997637189924717,0.0010132791940122843,0.00013977978960610926,0.6943844492440605,0.46079207302302044,0.6947084233261338,0.4537544576153854,,,,,stage2,/dss/lxclscratch/0E/ra63pux2/ra63pux2/mini_tabicl_s2_priors,99,42,5682.0,55.0
21.434553146362305,0.08013693243265152,0.7882638573646545,7578.0,8645.0,5409.89599609375,477.5553894042969,8.77238655090332,0.05200409144163132,0.0011207187781110406,0.0003171787830069661,0.24742268041237114,0.4317167748727222,0.24742268041237114,0.4317167748727222,,,,,stage2,/dss/lxclscratch/0E/ra63pux2/ra63pux2/mini_tabicl_s2_priors,99,43,8645.0,28.0
21.603513717651367,0.2305031716823578,0.6844334006309509,2059.0,3727.0,1441.2353515625,370.4653015136719,7.3882293701171875,0.2423425167798996,0.0025007727090269327,0.0023721044417470694,0.09532374100719425,0.2937496507852331,0.1146282973621103,0.2719467791985693,,,,,stage2,/dss/lxclscratch/0E/ra63pux2/ra63pux2/mini_tabicl_s2_priors,99,44,3727.0,60.0
21.630701065063477,0.11312607675790787,0.6292538642883301,4013.0,6079.0,676.0465698242188,288.6312255859375,7.071345806121826,0.25208723545074463,0.010605353862047195,0.0053819892928004265,0.07889641819941917,0.26964229181788474,0.09031945788964182,0.2638386670053569,,,,,stage2,/dss/lxclscratch/0E/ra63pux2/ra63pux2/mini_tabicl_s2_priors,99,45,6079.0,13.0
21.515201568603516,0.13507410883903503,0.7895635962486267,2608.0,4124.0,2220.386474609375,39.25708770751953,7.7824859619140625,0.009923143312335014,0.0012591419508680701,9.984159987652674e-05,0.033641160949868076,0.1803632213384663,0.03891820580474934,0.1349338570579716,,,,,stage2,/dss/lxclscratch/0E/ra63pux2/ra63pux2/mini_tabicl_s2_priors,99,46,4124.0,81.0
21.499671936035156,0.11237946152687073,0.7700191736221313,6038.0,7164.0,3553.306396484375,79.98062133789062,8.505675315856934,0.009906137362122536,0.0024196961894631386,0.00016299670096486807,0.19715808170515098,0.3980294861902196,0.19715808170515098,0.3980294861902196,,,,,stage2,/dss/lxclscratch/0E/ra63pux2/ra63pux2/mini_tabicl_s2_priors,99,47,7164.0,88.0
21.477041244506836,0.09570371359586716,0.7552492022514343,1610.0,3105.0,1442.4927978515625,24.4703311920166,7.334826469421387,0.006682646926492453,0.002150433836504817,0.0002158650167984888,0.02608695652173913,0.15944727298352362,0.025953177257525082,0.15871180030850687,,,,,stage2,/dss/lxclscratch/0E/ra63pux2/ra63pux2/mini_tabicl_s2_priors,99,48,3105.0,23.0
21.460168838500977,0.1136678084731102,0.7476221919059753,1343.0,2665.0,1106.3533935546875,34.94673538208008,7.107187747955322,0.015349742956459522,0.0026067569851875305,0.0002737227187026292,0.018154311649016642,0.13355982173033404,0.018154311649016642,0.13355982173033404,,,,,stage2,/dss/lxclscratch/0E/ra63pux2/ra63pux2/mini_tabicl_s2_priors,99,49,2665.0,16.0
21.37930679321289,0.12352146953344345,0.7749486565589905,4889.0,5462.0,4351.7275390625,50.62312698364258,8.438175201416016,0.005809543654322624,0.0007694014348089695,0.00011160827853018418,0.02443280977312391,0.154523521322537,0.09144851657940664,0.23861524217005195,,,,,stage2,/dss/lxclscratch/0E/ra63pux2/ra63pux2/mini_tabicl_s2_priors,99,50,5462.0,75.0
21.402217864990234,0.09663525968790054,0.7825033664703369,3518.0,4135.0,2407.593505859375,511.3199157714844,7.9620184898376465,0.1490160971879959,0.0025812839157879353,0.0008743956568650901,0.4813614262560778,0.5000578804192481,0.4813614262560778,0.5000578804192481,,,,,stage2,/dss/lxclscratch/0E/ra63pux2/ra63pux2/mini_tabicl_s2_priors,99,51,4135.0,31.0
21.41757583618164,0.11860020458698273,0.7894356846809387,2729.0,4812.0,1934.4847412109375,476.4023742675781,7.684207916259766,0.21201154589653015,0.002514636842533946,0.0010931509314104915,0.20403264522323572,0.40308972751070166,0.23504560729716756,0.3853474240320291,,,,,stage2,/dss/lxclscratch/0E/ra63pux2/ra63pux2/mini_tabicl_s2_priors,99,52,4812.0,64.0
21.38828468322754,0.10530173033475876,0.7935808300971985,4615.0,6645.0,4183.205078125,316.4604187011719,8.385945320129395,0.04676992818713188,0.0008074819343164563,0.0003225521941203624,0.8014778325123153,0.39898563256566166,0.7973399014778325,0.39094332810528265,,,,,stage2,/dss/lxclscratch/0E/ra63pux2/ra63pux2/mini_tabicl_s2_priors,99,53,6645.0,33.0
21.348735809326172,0.09044203162193298,0.7963042855262756,5913.0,6576.0,4403.404296875,769.2401123046875,8.516782760620117,0.11405189335346222,0.001798279001377523,0.0009686716948635876,0.18401206636500755,0.3877865920087957,0.12549019607843134,0.2539096578110407,,,,,stage2,/dss/lxclscratch/0E/ra63pux2/ra63pux2/mini_tabicl_s2_priors,99,54,6576.0,41.0
21.447032928466797,0.09824888408184052,0.8000836968421936,3296.0,5053.0,2323.7587890625,265.362060546875,7.925483703613281,0.08622488379478455,0.002742137061432004,0.0005030888714827597,0.26067159931701767,0.43912602649868376,0.26192373363688104,0.43564335804669146,,,,,stage2,/dss/lxclscratch/0E/ra63pux2/ra63pux2/mini_tabicl_s2_priors,99,55,5053.0,51.0
21.628503799438477,0.11086471378803253,0.6889105439186096,4677.0,5784.0,989.0284423828125,487.5209045410156,7.323083400726318,0.2678355574607849,0.012164241634309292,0.012922896072268486,0.2944896115627823,0.4560190054160711,0.35140018066847334,0.43306524459475704,,,,,stage2,/dss/lxclscratch/0E/ra63pux2/ra63pux2/mini_tabicl_s2_priors,99,56,5784.0,11.0
21.348508834838867,0.10909698158502579,0.8015497326850891,8450.0,9438.0,6382.95361328125,1139.2978515625,8.880655288696289,0.11640798300504684,0.000929530244320631,0.0005944438744336367,0.2773279352226721,0.4479064728924491,0.2941295546558705,0.42333881968020726,,,,,stage2,/dss/lxclscratch/0E/ra63pux2/ra63pux2/mini_tabicl_s2_priors,99,57,9438.0,86.0
21.63626480102539,0.16944044828414917,0.7301567792892456,5266.0,9319.0,4117.41748046875,624.669921875,8.43236255645752,0.10762767493724823,0.0010567038552835584,0.0006141330231912434,0.004194423883543055,0.06463637906788898,0.011250925240562547,0.08139782900598787,,,,,stage2,/dss/lxclscratch/0E/ra63pux2/ra63pux2/mini_tabicl_s2_priors,99,58,9319.0,17.0
21.427326202392578,0.13527947664260864,0.7529675960540771,1760.0,2183.0,1213.259765625,206.24676513671875,7.269774913787842,0.11949259042739868,0.005037246737629175,0.0019892172422260046,0.018912529550827423,0.136377471034154,0.036406619385342794,0.15300573093892839,,,,,stage2,/dss/lxclscratch/0E/ra63pux2/ra63pux2/mini_tabicl_s2_priors,99,59,2183.0,88.0
21.540573120117188,0.10161849856376648,0.7350155115127563,3583.0,4127.0,2647.978515625,742.1112060546875,7.977360248565674,0.2315310537815094,0.001858420204371214,0.001563823432661593,0.6011029411764706,0.4901222049199629,0.8014705882352942,0.32044749882262946,,,,,stage2,/dss/lxclscratch/0E/ra63pux2/ra63pux2/mini_tabicl_s2_priors,99,60,4127.0,17.0
21.48511505126953,0.13372817635536194,0.7812259793281555,4964.0,8246.0,4351.6923828125,123.79813385009766,8.459595680236816,0.008751656860113144,0.0012264777906239033,0.00018838704272639006,0.013101767215112737,0.11372797288461273,0.013101767215112737,0.11372797288461273,,,,,stage2,/dss/lxclscratch/0E/ra63pux2/ra63pux2/mini_tabicl_s2_priors,99,61,8246.0,89.0
21.37486457824707,0.1442323625087738,0.7805566787719727,4491.0,5337.0,2696.708740234375,697.9786376953125,8.055347442626953,0.22849203646183014,0.0018998305313289165,0.0015186549862846732,0.027186761229314422,0.16272350852564113,0.03215130023640662,0.14854515235526272,,,,,stage2,/dss/lxclscratch/0E/ra63pux2/ra63pux2/mini_tabicl_s2_priors,99,62,5337.0,34.0
21.561599731445312,0.1256832778453827,0.6817329525947571,5086.0,5976.0,2606.6943359375,1107.475341796875,8.01077938079834,0.45166221261024475,0.0027832018677145243,0.0028996269684284925,0.3797752808988764,0.48560372019432574,0.4139325842696629,0.4442195111402453,,,,,stage2,/dss/lxclscratch/0E/ra63pux2/ra63pux2/mini_tabicl_s2_priors,99,63,5976.0,17.0
21.717330932617188,0.11880920082330704,0.6441233158111572,6048.0,9909.0,5125.69091796875,159.69476318359375,8.63023853302002,0.017405234277248383,0.0006713857292197645,7.237896352307871e-05,0.5107485107485108,0.4999492038456411,0.5107485107485108,0.4999492038456411,,,,,stage2,/dss/lxclscratch/0E/ra63pux2/ra63pux2/mini_tabicl_s2_priors,99,64,9909.0,7.0
21.81781005859375,0.21719786524772644,0.4570041000843048,7523.0,9448.0,6077.25830078125,173.39952087402344,8.840415954589844,0.00910278968513012,0.0008004793198779225,7.771976379444823e-05,0.009870129870129871,0.09888270717263854,0.009870129870129871,0.09888270717263854,,,,,stage2,/dss/lxclscratch/0E/ra63pux2/ra63pux2/mini_tabicl_s2_priors,99,65,9448.0,77.0
21.47279167175293,0.11490950733423233,0.789635956287384,5443.0,8872.0,4130.85107421875,61.69516372680664,8.485562324523926,0.007125604897737503,0.0016300608403980732,0.00011830022413050756,0.4082822980460776,0.4915875690259622,0.4082822980460776,0.4915875690259622,,,,,stage2,/dss/lxclscratch/0E/ra63pux2/ra63pux2/mini_tabicl_s2_priors,99,66,8872.0,82.0
21.432252883911133,0.13150544464588165,0.7925507426261902,2883.0,3836.0,2383.896728515625,54.13688659667969,7.88246488571167,0.009115554392337799,0.00252924975939095,0.00024132778344210237,0.11437565582371459,0.31843408469806567,0.11437565582371459,0.31843408469806567,,,,,stage2,/dss/lxclscratch/0E/ra63pux2/ra63pux2/mini_tabicl_s2_priors,99,67,3836.0,99.0
21.681196212768555,0.1540462225675583,0.5746355056762695,6442.0,7883.0,1314.2000732421875,1197.7100830078125,7.97243595123291,0.7027418613433838,0.019403424113988876,0.01156332716345787,0.055517002081887576,0.2290660988931303,0.06079111727966689,0.2231633341273164,,,,,stage2,/dss/lxclscratch/0E/ra63pux2/ra63pux2/mini_tabicl_s2_priors,99,68,7883.0,25.0
21.780397415161133,0.1737753301858902,0.5997366905212402,2926.0,3648.0,1527.4991455078125,757.9422607421875,7.4119110107421875,0.5391111373901367,0.00790252536535263,0.00939102191478014,0.009695290858725761,0.09805411172722087,0.07617728531855955,0.16424605753793126,,,,,stage2,/dss/lxclscratch/0E/ra63pux2/ra63pux2/mini_tabicl_s2_priors,99,69,3648.0,5.0
21.66181182861328,0.10930769145488739,0.6710380911827087,790.0,1507.0,703.7199096679688,9.143543243408203,6.616540431976318,0.006868978496640921,0.004084947053343058,0.0001658809051150456,0.5941422594142259,0.491400059869898,0.5941422594142259,0.491400059869898,,,,,stage2,/dss/lxclscratch/0E/ra63pux2/ra63pux2/mini_tabicl_s2_priors,99,70,1507.0,8.0
21.44516944885254,0.10342501848936081,0.7817720770835876,7066.0,9961.0,4774.0849609375,86.19702911376953,8.70079517364502,0.00879273284226656,0.0012936557177454233,0.00012820684059988707,0.24006908462867013,0.42719896839547694,0.24006908462867013,0.42719896839547694,,,,,stage2,/dss/lxclscratch/0E/ra63pux2/ra63pux2/mini_tabicl_s2_priors,99,71,9961.0,41.0
21.338985443115234,0.11344041675329208,0.8003891110420227,1955.0,2358.0,1662.828369140625,196.7997283935547,7.488602161407471,0.07229892164468765,0.0016220207326114178,0.0005348324775695801,0.8660049627791563,0.34107041040074326,0.8312655086848635,0.2858436696152831,,,,,stage2,/dss/lxclscratch/0E/ra63pux2/ra63pux2/mini_tabicl_s2_priors,99,72,2358.0,49.0
21.453365325927734,0.13789089024066925,0.7291369438171387,1492.0,1757.0,918.5025024414062,192.0587921142578,6.981860637664795,0.16325190663337708,0.004195550922304392,0.001973226200789213,0.30566037735849055,0.46155825264335854,0.3728301886792453,0.4308394614115958,,,,,stage2,/dss/lxclscratch/0E/ra63pux2/ra63pux2/mini_tabicl_s2_priors,99,73,1757.0,55.0
21.502315521240234,0.07112590223550797,0.7721298933029175,5484.0,7735.0,1188.017333984375,527.8342895507812,8.252420425415039,0.10792257636785507,0.015873784199357033,0.004337983205914497,0.009773434029320302,0.0983982485195408,0.009773434029320302,0.0983982485195408,,,,,stage2,/dss/lxclscratch/0E/ra63pux2/ra63pux2/mini_tabicl_s2_priors,99,74,7735.0,19.0
21.35993194580078,0.11618693917989731,0.770281195640564,854.0,1059.0,788.6878051757812,17.856889724731445,6.709059238433838,0.012584651820361614,0.002282259752973914,0.00019650874310173094,0.21951219512195122,0.4149294247780319,0.23609756097560974,0.40105790282151355,,,,,stage2,/dss/lxclscratch/0E/ra63pux2/ra63pux2/mini_tabicl_s2_priors,99,75,1059.0,29.0
21.381393432617188,0.11603424698114395,0.7961524724960327,3303.0,5526.0,3102.4443359375,16.19207191467285,8.072078704833984,0.0026440643705427647,0.0008562548318877816,2.7950449293712154e-05,0.863697705802969,0.34318647974858074,0.863697705802969,0.34318647974858074,,,,,stage2,/dss/lxclscratch/0E/ra63pux2/ra63pux2/mini_tabicl_s2_priors,99,76,5526.0,38.0
21.473217010498047,0.09745372086763382,0.7534638047218323,891.0,1576.0,796.22900390625,48.255645751953125,6.736888408660889,0.03076797164976597,0.003658546367660165,0.0010752254165709019,0.12700729927007298,0.33322446679120094,0.14919708029197082,0.3049112093798749,,,,,stage2,/dss/lxclscratch/0E/ra63pux2/ra63pux2/mini_tabicl_s2_priors,99,77,1576.0,38.0
21.463987350463867,0.1520821899175644,0.7802811861038208,991.0,1460.0,912.7890625,11.807304382324219,6.859046936035156,0.006293752696365118,0.002428728388622403,0.00020549393957480788,0.053304904051172705,0.22488067775608392,0.05373134328358209,0.2249689919243655,,,,,stage2,/dss/lxclscratch/0E/ra63pux2/ra63pux2/mini_tabicl_s2_priors,99,78,1460.0,57.0
21.513782501220703,0.13050802052021027,0.7326871752738953,2472.0,3453.0,1593.9381103515625,320.27899169921875,7.545987129211426,0.16427481174468994,0.0033302053343504667,0.002307366579771042,0.2854230377166157,0.4518460427697483,0.28399592252803263,0.4453372214397577,,,,,stage2,/dss/lxclscratch/0E/ra63pux2/ra63pux2/mini_tabicl_s2_priors,99,79,3453.0,88.0
21.405778884887695,0.11021864414215088,0.7849658727645874,5672.0,9058.0,4377.8310546875,364.5344543457031,8.571749687194824,0.01446546707302332,0.003055987413972616,0.0008066309383139014,0.0011813349084465446,0.03435531887663936,0.001240401653868872,0.03452479815662807,,,,,stage2,/dss/lxclscratch/0E/ra63pux2/ra63pux2/mini_tabicl_s2_priors,99,80,9058.0,60.0
21.378253936767578,0.10712362080812454,0.790596604347229,1653.0,1947.0,1555.9312744140625,5.856611251831055,7.381826877593994,0.0018828416941687465,0.001942939474247396,5.395449261413887e-05,0.7789115646258503,0.41568747983273896,0.7789115646258503,0.41568747983273896,,,,,stage2,/dss/lxclscratch/0E/ra63pux2/ra63pux2/mini_tabicl_s2_priors,99,81,1947.0,50.0
21.42249298095703,0.11909708380699158,0.7556944489479065,4786.0,7593.0,4269.00439453125,358.01837158203125,8.4120512008667,0.05090872943401337,0.0007787897484377027,0.00024083316384349018,0.032418952618453865,0.17714159031448526,0.055504096900605635,0.18267090797696323,,,,,stage2,/dss/lxclscratch/0E/ra63pux2/ra63pux2/mini_tabicl_s2_priors,99,82,7593.0,32.0
21.373626708984375,0.115567646920681,0.7816051244735718,1306.0,1470.0,1239.61669921875,10.777109146118164,7.149286270141602,0.004317771177738905,0.0016614150954410434,0.0001166137371910736,0.8414634146341463,0.36636205884684875,0.8402439024390245,0.3661639165268373,,,,,stage2,/dss/lxclscratch/0E/ra63pux2/ra63pux2/mini_tabicl_s2_priors,99,83,1470.0,67.0
21.558238983154297,0.11099860817193985,0.7209228277206421,4466.0,6923.0,1878.43505859375,116.75550079345703,8.104143142700195,0.02333543635904789,0.00608079181984067,0.0005458828527480364,0.06349206349206349,0.24389553459982694,0.06349206349206349,0.24389553459982694,,,,,stage2,/dss/lxclscratch/0E/ra63pux2/ra63pux2/mini_tabicl_s2_priors,99,84,6923.0,95.0
21.521574020385742,0.10035984218120575,0.6965688467025757,1412.0,2663.0,1200.6314697265625,70.07408905029297,7.17099142074585,0.03703169524669647,0.0024474598467350006,0.00020487407164182514,0.39488409272581937,0.48902127413309554,0.40431654676258993,0.47687037286665823,,,,,stage2,/dss/lxclscratch/0E/ra63pux2/ra63pux2/mini_tabicl_s2_priors,99,85,2663.0,43.0
21.642736434936523,0.1809370517730713,0.6542419791221619,3369.0,4691.0,1376.688720703125,510.6253967285156,7.441592216491699,0.41857412457466125,0.004627002868801355,0.0033066519536077976,0.06127080181543117,0.23991713345606638,0.08396369137670197,0.21481825189060144,,,,,stage2,/dss/lxclscratch/0E/ra63pux2/ra63pux2/mini_tabicl_s2_priors,99,86,4691.0,15.0
21.39080047607422,0.11604150384664536,0.7865696549415588,2490.0,3656.0,2313.235107421875,56.23741912841797,7.783919334411621,0.012063968926668167,0.000991134438663721,0.00013697783288080245,0.15866209262435677,0.365517462420511,0.13739279588336192,0.2416496845486804,,,,,stage2,/dss/lxclscratch/0E/ra63pux2/ra63pux2/mini_tabicl_s2_priors,99,87,3656.0,64.0
21.408334732055664,0.10286128520965576,0.7878661751747131,5004.0,6403.0,4555.72119140625,39.65324783325195,8.474082946777344,0.004512832034379244,0.0006734144408255816,3.5211425711167976e-05,0.6583273766976412,0.47444002536585234,0.6583273766976412,0.47444002536585234,,,,,stage2,/dss/lxclscratch/0E/ra63pux2/ra63pux2/mini_tabicl_s2_priors,99,88,6403.0,50.0
21.402870178222656,0.11492036283016205,0.7914835214614868,1767.0,2751.0,1556.8702392578125,12.73179817199707,7.415891647338867,0.004400934092700481,0.0020267299842089415,9.902675083139911e-05,0.5762195121951219,0.4944077260502662,0.5762195121951219,0.4944077260502662,,,,,stage2,/dss/lxclscratch/0E/ra63pux2/ra63pux2/mini_tabicl_s2_priors,99,89,2751.0,43.0
21.395401000976562,0.1211431622505188,0.7900483012199402,1512.0,2546.0,1438.5296630859375,4.821033954620361,7.297199726104736,0.001632595551200211,0.0015343650011345744,7.91426282376051e-05,0.8065764023210832,0.3951732993988953,0.7678916827852998,0.3565647704093447,,,,,stage2,/dss/lxclscratch/0E/ra63pux2/ra63pux2/mini_tabicl_s2_priors,99,90,2546.0,46.0
21.680782318115234,0.13606829941272736,0.5934811234474182,4333.0,6215.0,2019.2425537109375,842.9299926757812,7.769454002380371,0.4556289315223694,0.004180653020739555,0.004270776640623808,0.26992561105207225,0.44403889699486515,0.3335812964930924,0.43819361334459184,,,,,stage2,/dss/lxclscratch/0E/ra63pux2/ra63pux2/mini_tabicl_s2_priors,99,91,6215.0,97.0
21.428485870361328,0.10103480517864227,0.804875373840332,7154.0,7967.0,4556.78466796875,107.31126403808594,8.695533752441406,0.01215908769518137,0.0016879199538379908,9.954982670024037e-05,0.2017220172201722,0.4015327609279085,0.2017220172201722,0.4015327609279085,,,,,stage2,/dss/lxclscratch/0E/ra63pux2/ra63pux2/mini_tabicl_s2_priors,99,92,7967.0,51.0
21.658737182617188,0.117622010409832,0.5494973659515381,5228.0,6498.0,2031.124755859375,868.3037109375,7.871831893920898,0.34613046050071716,0.005806569010019302,0.006685140077024698,0.2559055118110236,0.4365408736044747,0.382992125984252,0.44160377349718183,,,,,stage2,/dss/lxclscratch/0E/ra63pux2/ra63pux2/mini_tabicl_s2_priors,99,93,6498.0,34.0
21.40856170654297,0.12014434486627579,0.8029339909553528,4734.0,5568.0,3840.640380859375,46.03230285644531,8.371082305908203,0.005899634212255478,0.0012813146458938718,4.0149672713596374e-05,0.4784172661870504,0.4998337187987817,0.4784172661870504,0.4998337187987817,,,,,stage2,/dss/lxclscratch/0E/ra63pux2/ra63pux2/mini_tabicl_s2_priors,99,94,5568.0,58.0
21.379987716674805,0.10306339710950851,0.795853316783905,2092.0,2505.0,1923.5220947265625,29.816030502319336,7.604018211364746,0.008310156874358654,0.0013538056518882513,0.000138192466692999,0.8861985472154964,0.3179551310133084,0.8828087167070219,0.31533593540356974,,,,,stage2,/dss/lxclscratch/0E/ra63pux2/ra63pux2/mini_tabicl_s2_priors,99,95,2505.0,48.0
21.543087005615234,0.12294058501720428,0.6911041736602783,2878.0,3267.0,2488.7587890625,75.73731994628906,7.9002556800842285,0.012731279246509075,0.0012653641169890761,8.93957112566568e-05,0.015424164524421594,0.1233912457091814,0.018508997429305913,0.09982891574507669,,,,,stage2,/dss/lxclscratch/0E/ra63pux2/ra63pux2/mini_tabicl_s2_priors,99,96,3267.0,11.0
21.455610275268555,0.1526443511247635,0.7248201966285706,2057.0,3783.0,1642.7557373046875,252.90335083007812,7.494191646575928,0.15739859640598297,0.002444351324811578,0.006884882692247629,0.19524913093858634,0.39650724566999973,0.18354577056778676,0.25735860041620623,,,,,stage2,/dss/lxclscratch/0E/ra63pux2/ra63pux2/mini_tabicl_s2_priors,99,97,3783.0,81.0
21.450223922729492,0.12398785352706909,0.7467528581619263,5304.0,5958.0,2812.85546875,980.5049438476562,8.120523452758789,0.2908368706703186,0.0020183210726827383,0.0015413472428917885,0.06116207951070336,0.2398107881618195,0.06758409785932722,0.20829940341224085,,,,,stage2,/dss/lxclscratch/0E/ra63pux2/ra63pux2/mini_tabicl_s2_priors,99,98,5958.0,17.0
21.592798233032227,0.11074106395244598,0.7187596559524536,7156.0,8948.0,6408.46533203125,128.87535095214844,8.82413101196289,0.00950057152658701,0.0005943143041804433,0.00010434445721330121,0.8487723214285714,0.358370668544767,0.8487723214285714,0.358370668544767,,,,,stage2,/dss/lxclscratch/0E/ra63pux2/ra63pux2/mini_tabicl_s2_priors,99,99,8948.0,11.0
21.405946731567383,0.14625604450702667,0.7886321544647217,2115.0,2864.0,1878.3194580078125,52.488101959228516,7.599514961242676,0.01390799880027771,0.001368765369988978,0.0002011786709772423,0.036048064085447265,0.18653433064796585,0.036048064085447265,0.14527634679496915,,,,,stage2,/dss/lxclscratch/0E/ra63pux2/ra63pux2/mini_tabicl_s2_priors,99,100,2864.0,63.0
21.482898712158203,0.09748727828264236,0.7958308458328247,1292.0,1469.0,881.261474609375,56.65481948852539,6.991212368011475,0.038852546364068985,0.005850539542734623,0.0008157761767506599,0.1864406779661017,0.39056673294247163,0.1864406779661017,0.39056673294247163,,,,,stage2,/dss/lxclscratch/0E/ra63pux2/ra63pux2/mini_tabicl_s2_priors,99,101,1469.0,90.0
21.423107147216797,0.1197340339422226,0.7957993149757385,7964.0,9602.0,6104.9033203125,115.02438354492188,8.871323585510254,0.008531208150088787,0.0012184447841718793,5.161973967915401e-05,0.40231990231990233,0.49051553320431407,0.40231990231990233,0.49051553320431407,,,,,stage2,/dss/lxclscratch/0E/ra63pux2/ra63pux2/mini_tabicl_s2_priors,99,102,9602.0,56.0
21.49944496154785,0.08919423818588257,0.7972086668014526,3160.0,4920.0,1526.1318359375,119.77938842773438,7.80659294128418,0.03136153891682625,0.006154160015285015,0.0005591154913417995,0.11306818181818182,0.31676612805864424,0.11306818181818182,0.31676612805864424,,,,,stage2,/dss/lxclscratch/0E/ra63pux2/ra63pux2/mini_tabicl_s2_priors,99,103,4920.0,66.0
21.48126792907715,0.1105298101902008,0.7800197601318359,989.0,1207.0,674.4985961914062,26.362211227416992,6.734595775604248,0.02119959145784378,0.007982348091900349,0.000966286170296371,0.11009174311926606,0.3137244539704665,0.11009174311926606,0.3137244539704665,,,,,stage2,/dss/lxclscratch/0E/ra63pux2/ra63pux2/mini_tabicl_s2_priors,99,104,1207.0,68.0
21.425151824951172,0.09485004842281342,0.7714503407478333,4792.0,7553.0,4438.7158203125,96.30660247802734,8.436856269836426,0.010837320238351822,0.000539660919457674,6.309834134299308e-05,0.8109380659181455,0.39162873871674264,0.8152843172763492,0.2376477433755669,,,,,stage2,/dss/lxclscratch/0E/ra63pux2/ra63pux2/mini_tabicl_s2_priors,99,105,7553.0,34.0
21.625776290893555,0.2177107185125351,0.5355463624000549,2344.0,4065.0,604.2900390625,183.9275360107422,6.612443923950195,0.3575824797153473,0.006127915345132351,0.0073457276448607445,0.8198721673445671,0.38440559057838397,0.9037768739105172,0.23365828050011067,,,,,stage2,/dss/lxclscratch/0E/ra63pux2/ra63pux2/mini_tabicl_s2_priors,99,106,4065.0,29.0
21.572174072265625,0.1673617959022522,0.7383714318275452,4209.0,7660.0,2701.539794921875,572.0814208984375,8.063618659973145,0.16231466829776764,0.002386811189353466,0.001082113478332758,0.0034772529701535787,0.058874154572490914,0.006490872210953347,0.06226312669345175,,,,,stage2,/dss/lxclscratch/0E/ra63pux2/ra63pux2/mini_tabicl_s2_priors,99,107,7660.0,23.0
21.501529693603516,0.08948638290166855,0.7899281978607178,1826.0,3175.0,1053.899658203125,38.94972610473633,7.291357517242432,0.01672619767487049,0.006125174928456545,0.00032073285547085106,0.12157153446997776,0.3269114848880715,0.12157153446997776,0.3269114848880715,,,,,stage2,/dss/lxclscratch/0E/ra63pux2/ra63pux2/mini_tabicl_s2_priors,99,108,3175.0,82.0
21.898279190063477,0.13529863953590393,0.6867581009864807,5577.0,6245.0,1757.7293701171875,631.348876953125,7.871191501617432,0.4195389747619629,0.004640128929167986,0.004201793577522039,0.1437125748502994,0.35106091684761487,0.1598802395209581,0.34433690141764295,,,,,stage2,/dss/lxclscratch/0E/ra63pux2/ra63pux2/mini_tabicl_s2_priors,99,109,6245.0,7.0
21.391319274902344,0.0950443372130394,0.7808663845062256,2290.0,2583.0,1245.4686279296875,446.0628662109375,7.294652938842773,0.32214170694351196,0.004603890236467123,0.00345457810908556,0.13993174061433447,0.3475097250773419,0.16723549488054607,0.2965870979678722,,,,,stage2,/dss/lxclscratch/0E/ra63pux2/ra63pux2/mini_tabicl_s2_priors,99,110,2583.0,28.0
21.521482467651367,0.17686600983142853,0.7722864747047424,6308.0,8094.0,4554.60546875,730.3587036132812,8.588984489440918,0.1172366812825203,0.002663734368979931,0.0006644583772867918,0.0011198208286674132,0.033454349165140215,0.0036954087346024633,0.04296836372762502,,,,,stage2,/dss/lxclscratch/0E/ra63pux2/ra63pux2/mini_tabicl_s2_priors,99,111,8094.0,68.0
21.335390090942383,0.11139404028654099,0.8086612224578857,1486.0,1712.0,1320.1697998046875,100.8902816772461,7.242668151855469,0.041230618953704834,0.0018245575483888388,0.000672491907607764,0.6858407079646017,0.46521053902978754,0.7044247787610619,0.3426405646429502,,,,,stage2,/dss/lxclscratch/0E/ra63pux2/ra63pux2/mini_tabicl_s2_priors,99,112,1712.0,51.0
21.548023223876953,0.14716294407844543,0.7255694270133972,5320.0,9296.0,4836.21044921875,182.99734497070312,8.531237602233887,0.020040158182382584,0.0005628201179206371,0.0001697630505077541,0.01659959758551308,0.12778167953582098,0.01765593561368209,0.12087787206390066,,,,,stage2,/dss/lxclscratch/0E/ra63pux2/ra63pux2/mini_tabicl_s2_priors,99,113,9296.0,13.0
21.49127197265625,0.19903843104839325,0.6919301152229309,6414.0,9774.0,1394.864013671875,617.9573974609375,8.101221084594727,0.5673289895057678,0.014350397512316704,0.007925745099782944,0.008630952380952382,0.09251489807200301,0.01482142857142857,0.09541731230905154,,,,,stage2,/dss/lxclscratch/0E/ra63pux2/ra63pux2/mini_tabicl_s2_priors,99,114,9774.0,36.0
21.438615798950195,0.1007651537656784,0.7814304232597351,3694.0,6347.0,2590.6875,465.8986511230469,8.012951850891113,0.15453694760799408,0.001710887416265905,0.002693322254344821,0.31172257821334337,0.46328448523560223,0.3063701470033924,0.4481999966497643,,,,,stage2,/dss/lxclscratch/0E/ra63pux2/ra63pux2/mini_tabicl_s2_priors,99,115,6347.0,46.0
21.38433837890625,0.11930358409881592,0.7974595427513123,3949.0,6197.0,3647.724853515625,52.39698028564453,8.243202209472656,0.006946542300283909,0.0008802844677120447,0.00011402928066672757,0.7615658362989324,0.4262207464737292,0.7616548042704626,0.4260825601648079,,,,,stage2,/dss/lxclscratch/0E/ra63pux2/ra63pux2/mini_tabicl_s2_priors,99,116,6197.0,44.0
21.45363998413086,0.1110624298453331,0.7841325402259827,4295.0,8016.0,3006.354736328125,712.0175170898438,8.132006645202637,0.19345177710056305,0.001303544151596725,0.0008991691865958273,0.2722386455253964,0.4451719047215736,0.30405804891158295,0.3864745270652107,,,,,stage2,/dss/lxclscratch/0E/ra63pux2/ra63pux2/mini_tabicl_s2_priors,99,117,8016.0,91.0
21.76332664489746,0.14089663326740265,0.5962833762168884,4870.0,6078.0,4307.8916015625,47.0583381652832,8.43334674835205,0.005882802419364452,0.0007176896324381232,4.777894719154574e-05,0.6307947019867549,0.4827894962286117,0.6307947019867549,0.4827894962286117,,,,,stage2,/dss/lxclscratch/0E/ra63pux2/ra63pux2/mini_tabicl_s2_priors,99,118,6078.0,7.0
21.469995498657227,0.13614323735237122,0.7735342979431152,2004.0,3088.0,1698.074462890625,50.33081817626953,7.523590564727783,0.01502099446952343,0.0019823331385850906,0.00034377758856862783,0.04981549815498155,0.21766400848695755,0.0503690036900369,0.21281617052355356,,,,,stage2,/dss/lxclscratch/0E/ra63pux2/ra63pux2/mini_tabicl_s2_priors,99,119,3088.0,35.0
21.488609313964844,0.14516232907772064,0.7727025151252747,1726.0,3290.0,1601.89599609375,15.065048217773438,7.4187211990356445,0.0038108553271740675,0.0017285880167037249,0.00017445172125007957,0.0076726342710997444,0.08728479939377924,0.0067774936061381075,0.06580452726004059,,,,,stage2,/dss/lxclscratch/0E/ra63pux2/ra63pux2/mini_tabicl_s2_priors,99,120,3290.0,60.0
21.66883087158203,0.14514319598674774,0.6126996278762817,5053.0,6919.0,1635.29345703125,420.3786926269531,7.800471305847168,0.3329344689846039,0.003806903725489974,0.0012098954757675529,0.15434083601286175,0.3613720051799427,0.15723472668810287,0.36145916020832053,,,,,stage2,/dss/lxclscratch/0E/ra63pux2/ra63pux2/mini_tabicl_s2_priors,99,121,6919.0,46.0
21.442548751831055,0.1653081178665161,0.7790114879608154,4195.0,5185.0,3519.11865234375,97.53300476074219,8.259330749511719,0.013078470714390278,0.0007496225880458951,7.833538256818429e-05,0.044444444444444446,0.2061845709423622,0.046868686868686865,0.1827364541013252,,,,,stage2,/dss/lxclscratch/0E/ra63pux2/ra63pux2/mini_tabicl_s2_priors,99,122,5185.0,65.0
21.34566879272461,0.12089943140745163,0.7782579064369202,1015.0,1282.0,957.05517578125,9.9378662109375,6.894637584686279,0.004090309143066406,0.0024328704457730055,0.00022737262770533562,0.0299625468164794,0.17080415317655928,0.04719101123595506,0.13215099102986919,,,,,stage2,/dss/lxclscratch/0E/ra63pux2/ra63pux2/mini_tabicl_s2_priors,99,123,1282.0,33.0
21.485729217529297,0.13871636986732483,0.7446820735931396,1972.0,3402.0,302.4134521484375,108.30406188964844,6.08344841003418,0.321710467338562,0.016152359545230865,0.009209392592310905,0.2839160839160839,0.45105433591405025,0.35048951048951055,0.4217450645473153,,,,,stage2,/dss/lxclscratch/0E/ra63pux2/ra63pux2/mini_tabicl_s2_priors,99,124,3402.0,97.0
21.560914993286133,0.12296496331691742,0.6509811878204346,2162.0,2818.0,1728.1036376953125,45.76502990722656,7.576061725616455,0.013680960051715374,0.0028379836585372686,0.0003728620649781078,0.46189024390243905,0.498925954973175,0.46189024390243905,0.498925954973175,,,,,stage2,/dss/lxclscratch/0E/ra63pux2/ra63pux2/mini_tabicl_s2_priors,99,125,2818.0,67.0
21.41236686706543,0.10198036581277847,0.7872626781463623,3990.0,7104.0,3596.488037109375,61.005096435546875,8.24024772644043,0.0084683233872056,0.0006937606958672404,3.765420115087181e-05,0.9360950545921645,0.2446228114973411,0.9360308285163778,0.24463228273342952,,,,,stage2,/dss/lxclscratch/0E/ra63pux2/ra63pux2/mini_tabicl_s2_priors,99,126,7104.0,37.0
21.470060348510742,0.10490673035383224,0.788561224937439,1093.0,1518.0,891.144287109375,17.032817840576172,6.895904541015625,0.010443748906254768,0.0034114359878003597,0.00016215928189922124,0.3176470588235294,0.4661100745036832,0.3176470588235294,0.4661100745036832,,,,,stage2,/dss/lxclscratch/0E/ra63pux2/ra63pux2/mini_tabicl_s2_priors,99,127,1518.0,93.0
21.600507736206055,0.1071309894323349,0.7079069018363953,1085.0,1695.0,995.121337890625,15.750275611877441,6.948294162750244,0.007606287952512503,0.0027599239256232977,0.00028564652893692255,0.9442622950819672,0.22960277697234047,0.8629508196721313,0.2839513838351936,,,,,stage2,/dss/lxclscratch/0E/ra63pux2/ra63pux2/mini_tabicl_s2_priors,99,128,1695.0,9.0
21.407129287719727,0.15979193150997162,0.7981398701667786,5581.0,9436.0,5055.2900390625,81.67544555664062,8.580180168151855,0.008066626265645027,0.0005076291272416711,3.879233554471284e-05,0.029053177691309988,0.16797740916340795,0.029156939040207525,0.14248404170685602,,,,,stage2,/dss/lxclscratch/0E/ra63pux2/ra63pux2/mini_tabicl_s2_priors,99,129,9436.0,41.0
21.525537490844727,0.11823532730340958,0.706497073173523,5540.0,7817.0,3603.569580078125,847.4564208984375,8.353788375854492,0.21552971005439758,0.0014476199867203832,0.002823625458404422,0.35660957400087834,0.47910332268716316,0.35775142731664467,0.47768098609449927,,,,,stage2,/dss/lxclscratch/0E/ra63pux2/ra63pux2/mini_tabicl_s2_priors,99,130,7817.0,68.0
21.63884162902832,0.17057809233665466,0.5530387759208679,3385.0,4882.0,3026.27490234375,53.04336929321289,8.07084846496582,0.008508836850523949,0.0007345778285525739,0.00012289659935049713,0.04676018704074816,0.21119532945574868,0.056112224448897796,0.20800583140846843,,,,,stage2,/dss/lxclscratch/0E/ra63pux2/ra63pux2/mini_tabicl_s2_priors,99,131,4882.0,21.0
21.38553810119629,0.15526053309440613,0.7629645466804504,5637.0,6906.0,4305.8203125,170.55136108398438,8.520750045776367,0.015033325180411339,0.001558626419864595,0.0001921303482959047,0.0031520882584712374,0.056077006307475155,0.0031520882584712374,0.056077006307475155,,,,,stage2,/dss/lxclscratch/0E/ra63pux2/ra63pux2/mini_tabicl_s2_priors,99,132,6906.0,33.0
21.447139739990234,0.11503302305936813,0.7732993364334106,4766.0,7569.0,4400.322265625,32.19236755371094,8.430641174316406,0.0035994714125990868,0.0006665777182206511,2.3923277694848366e-05,0.8986799857295754,0.3018058401504077,0.8794149125936497,0.2935678774390087,,,,,stage2,/dss/lxclscratch/0E/ra63pux2/ra63pux2/mini_tabicl_s2_priors,99,133,7569.0,94.0
21.342021942138672,0.1231752410531044,0.7612984776496887,1641.0,1972.0,1327.0379638671875,176.0761260986328,7.286657810211182,0.08633249998092651,0.00230307481251657,0.0009988105157390237,0.1148036253776435,0.3192674486138425,0.14259818731117826,0.2994407188708916,,,,,stage2,/dss/lxclscratch/0E/ra63pux2/ra63pux2/mini_tabicl_s2_priors,99,134,1972.0,34.0
21.47808074951172,0.1538679003715515,0.7905369400978088,2481.0,3945.0,1595.949462890625,439.41436767578125,7.514856338500977,0.3704533576965332,0.004349655006080866,0.004091957584023476,0.011612021857923498,0.10716822183193485,0.01980874316939891,0.09215853991100695,,,,,stage2,/dss/lxclscratch/0E/ra63pux2/ra63pux2/mini_tabicl_s2_priors,99,135,3945.0,37.0
21.49728012084961,0.11453849822282791,0.7958420515060425,2600.0,3551.0,2106.36962890625,153.49839782714844,7.7613396644592285,0.041167423129081726,0.002322243992239237,0.00041354584391228855,0.47528916929547843,0.4996517687122795,0.47528916929547843,0.4996517687122795,,,,,stage2,/dss/lxclscratch/0E/ra63pux2/ra63pux2/mini_tabicl_s2_priors,99,136,3551.0,89.0
21.42965316772461,0.14734262228012085,0.7767220139503479,6888.0,8880.0,6309.1669921875,68.46394348144531,8.794864654541016,0.005544272251427174,0.00043883975013159215,4.0561080822953954e-05,0.007530120481927711,0.08647063875986732,0.008734939759036144,0.0746261805588898,,,,,stage2,/dss/lxclscratch/0E/ra63pux2/ra63pux2/mini_tabicl_s2_priors,99,137,8880.0,89.0
21.397951126098633,0.11747174710035324,0.773123562335968,4944.0,7289.0,4562.5263671875,51.86082077026367,8.467164039611816,0.005311420187354088,0.0007165927090682089,0.00012420921120792627,0.04392324093816631,0.2049680593856795,0.07326226012793177,0.20581721706102796,,,,,stage2,/dss/lxclscratch/0E/ra63pux2/ra63pux2/mini_tabicl_s2_priors,99,138,7289.0,54.0
21.529653549194336,0.09694728255271912,0.7320513129234314,5725.0,6603.0,4865.43701171875,636.0718383789062,8.563719749450684,0.09407341480255127,0.0008658723090775311,0.0005153999663889408,0.6776765375854215,0.4676324562954634,0.6785876993166287,0.4654266305234393,,,,,stage2,/dss/lxclscratch/0E/ra63pux2/ra63pux2/mini_tabicl_s2_priors,99,139,6603.0,16.0
21.46425437927246,0.07832011580467224,0.7655691504478455,2755.0,4177.0,2578.782958984375,51.696292877197266,7.888350009918213,0.010338084772229195,0.0009103376069106162,0.00012902685557492077,0.8066104078762306,0.39509471349172554,0.8316455696202532,0.33300283220133253,,,,,stage2,/dss/lxclscratch/0E/ra63pux2/ra63pux2/mini_tabicl_s2_priors,99,140,4177.0,25.0
21.423351287841797,0.13964462280273438,0.7848243117332458,2605.0,3748.0,1854.6627197265625,365.9871826171875,7.663471221923828,0.1469022035598755,0.0023440716322511435,0.0014088520547375083,0.08136482939632546,0.27351424924723755,0.10796150481189852,0.23389931206413012,,,,,stage2,/dss/lxclscratch/0E/ra63pux2/ra63pux2/mini_tabicl_s2_priors,99,141,3748.0,73.0
21.40081214904785,0.12646083533763885,0.7907540798187256,3680.0,4509.0,3309.1689453125,34.626861572265625,8.161802291870117,0.004879294894635677,0.001248795771971345,0.00010345283226342872,0.6911942098914354,0.4622797396031905,0.6911942098914354,0.4622797396031905,,,,,stage2,/dss/lxclscratch/0E/ra63pux2/ra63pux2/mini_tabicl_s2_priors,99,142,4509.0,71.0
21.44968032836914,0.08835572004318237,0.7951592206954956,1183.0,2119.0,641.0775146484375,106.65104675292969,6.72407865524292,0.1707748919725418,0.0074082971550524235,0.0032940807286649942,0.18055555555555555,0.3848551517381184,0.18226495726495728,0.37934026362214435,,,,,stage2,/dss/lxclscratch/0E/ra63pux2/ra63pux2/mini_tabicl_s2_priors,99,143,2119.0,45.0
21.556415557861328,0.10038634389638901,0.7484378814697266,4312.0,5584.0,718.1011352539062,405.26739501953125,7.592835426330566,0.7068592309951782,0.026296984404325485,0.011397612281143665,0.0330188679245283,0.178756099623955,0.04827044025157232,0.19343309207119808,,,,,stage2,/dss/lxclscratch/0E/ra63pux2/ra63pux2/mini_tabicl_s2_priors,99,144,5584.0,19.0
21.47140884399414,0.08588375896215439,0.7724243402481079,5178.0,9706.0,3050.7919921875,1137.5484619140625,8.079080581665039,0.7486252784729004,0.00769408093765378,0.01515901554375887,0.17623674911660778,0.38106354666521497,0.20304770318021204,0.3419554023139009,,,,,stage2,/dss/lxclscratch/0E/ra63pux2/ra63pux2/mini_tabicl_s2_priors,99,145,9706.0,22.0
21.604755401611328,0.09812206029891968,0.7031325101852417,4181.0,5203.0,1555.536865234375,240.9156951904297,8.036772727966309,0.04946757107973099,0.007427457254379988,0.0008962999563664198,0.02054794520547945,0.14193462908356802,0.02054794520547945,0.14193462908356802,,,,,stage2,/dss/lxclscratch/0E/ra63pux2/ra63pux2/mini_tabicl_s2_priors,99,146,5203.0,21.0
21.661136627197266,0.28830859065055847,0.6619709134101868,2218.0,2671.0,692.791259765625,282.4771728515625,6.866917133331299,0.3494623303413391,0.009391632862389088,0.005959150847047567,0.09271523178807947,0.2903536151402311,0.1576158940397351,0.25130731268814566,,,,,stage2,/dss/lxclscratch/0E/ra63pux2/ra63pux2/mini_tabicl_s2_priors,99,147,2671.0,50.0
21.518829345703125,0.10947020351886749,0.7348812222480774,2769.0,5003.0,2223.065673828125,28.472421646118164,7.822352409362793,0.006849174853414297,0.0018719423096626997,0.0001729924842948094,0.38316920322291853,0.48626783703352766,0.38316920322291853,0.48626783703352766,,,,,stage2,/dss/lxclscratch/0E/ra63pux2/ra63pux2/mini_tabicl_s2_priors,99,148,5003.0,98.0
21.40704345703125,0.1130598932504654,0.7863014936447144,6698.0,9606.0,5617.63525390625,760.3428344726562,8.71314811706543,0.08970248699188232,0.0008021511021070182,0.0003687871212605387,0.7788858321870702,0.4150685928104276,0.774002751031637,0.38881622358124845,,,,,stage2,/dss/lxclscratch/0E/ra63pux2/ra63pux2/mini_tabicl_s2_priors,99,149,9606.0,56.0
21.511730194091797,0.06871014833450317,0.7913697361946106,1096.0,1914.0,167.3312530517578,13.437554359436035,6.421026229858398,0.02028939686715603,0.04315586015582085,0.005291664972901344,0.011002444987775062,0.10437772707017244,0.011002444987775062,0.10437772707017244,,,,,stage2,/dss/lxclscratch/0E/ra63pux2/ra63pux2/mini_tabicl_s2_priors,99,150,1914.0,87.0
21.518056869506836,0.13613402843475342,0.7797921895980835,2371.0,4526.0,2029.02880859375,229.62303161621094,7.685240745544434,0.07426872849464417,0.00159491878002882,0.0005561471916735172,0.012529002320185615,0.11125542757952515,0.018468677494199535,0.11373817576208742,,,,,stage2,/dss/lxclscratch/0E/ra63pux2/ra63pux2/mini_tabicl_s2_priors,99,151,4526.0,81.0
21.431190490722656,0.1191912591457367,0.7939555048942566,1771.0,3174.0,1662.7188720703125,11.587369918823242,7.44875955581665,0.003674567211419344,0.0014332612045109272,6.117772863944992e-05,0.8738417676407698,0.3321459994624765,0.8732715609408411,0.33124035639641136,,,,,stage2,/dss/lxclscratch/0E/ra63pux2/ra63pux2/mini_tabicl_s2_priors,99,152,3174.0,99.0
21.43818473815918,0.09464487433433533,0.7468326687812805,6338.0,9257.0,3810.17138671875,1202.1746826171875,8.413408279418945,0.2514338493347168,0.0018100790912285447,0.0009572481503710151,0.43610825625214117,0.4959860091215817,0.5125042822884549,0.4315891835260627,,,,,stage2,/dss/lxclscratch/0E/ra63pux2/ra63pux2/mini_tabicl_s2_priors,99,153,9257.0,27.0
21.432907104492188,0.11711538583040237,0.7837023735046387,4115.0,5852.0,3656.80810546875,35.11566925048828,8.268745422363281,0.004565836861729622,0.0011877308133989573,0.00012653270096052438,0.6465169833045481,0.478188683373103,0.6465169833045481,0.478188683373103,,,,,stage2,/dss/lxclscratch/0E/ra63pux2/ra63pux2/mini_tabicl_s2_priors,99,154,5852.0,91.0
21.55025291442871,0.12388934195041656,0.7228227853775024,1350.0,2248.0,731.7784423828125,115.13179779052734,6.930343151092529,0.100554920732975,0.007850849069654942,0.003478363389149308,0.09020044543429843,0.2866283527839584,0.09020044543429843,0.2866283527839584,,,,,stage2,/dss/lxclscratch/0E/ra63pux2/ra63pux2/mini_tabicl_s2_priors,99,155,2248.0,82.0
22.095396041870117,0.1890062540769577,0.4755646288394928,3453.0,4863.0,2620.927978515625,336.6770935058594,8.000680923461914,0.08509308844804764,0.0013953266898170114,0.00041667144978418946,0.3943262411347518,0.4888788828027303,0.39588652482269504,0.470579533258027,,,,,stage2,/dss/lxclscratch/0E/ra63pux2/ra63pux2/mini_tabicl_s2_priors,99,156,4863.0,3.0
21.591766357421875,0.14956948161125183,0.569419264793396,4556.0,7295.0,1483.9443359375,792.7666625976562,7.509014129638672,0.4726578891277313,0.005224909633398056,0.005730274599045515,0.3793355239138372,0.485310286327382,0.4401606425702811,0.4329651825214667,,,,,stage2,/dss/lxclscratch/0E/ra63pux2/ra63pux2/mini_tabicl_s2_priors,99,157,7295.0,86.0
21.465450286865234,0.10588003695011139,0.7889943718910217,2847.0,4137.0,2246.754150390625,31.199018478393555,7.848937034606934,0.006799401715397835,0.0017367141554132104,8.093300857581198e-05,0.3457364341085271,0.47579222276705446,0.3457364341085271,0.47579222276705446,,,,,stage2,/dss/lxclscratch/0E/ra63pux2/ra63pux2/mini_tabicl_s2_priors,99,158,4137.0,99.0
21.714914321899414,0.17236101627349854,0.5259950757026672,7204.0,8505.0,4998.07763671875,662.962158203125,8.68240737915039,0.059647295624017715,0.0010389848612248898,0.0003180547500960529,0.012298232129131437,0.11025574565852965,0.01245196003074558,0.10812485036895621,,,,,stage2,/dss/lxclscratch/0E/ra63pux2/ra63pux2/mini_tabicl_s2_priors,99,159,8505.0,72.0
21.619672775268555,0.09045711159706116,0.6862599849700928,4710.0,9057.0,2589.830810546875,712.1890869140625,8.105855941772461,0.22008571028709412,0.0031943093053996563,0.0018465380417183042,0.039337474120082816,0.19441896155095975,0.048953301127214174,0.17766622371793328,,,,,stage2,/dss/lxclscratch/0E/ra63pux2/ra63pux2/mini_tabicl_s2_priors,99,160,9057.0,10.0
21.545726776123047,0.15301653742790222,0.6785690784454346,2603.0,4425.0,2146.629638671875,333.1684875488281,7.755354404449463,0.09842771291732788,0.00160672003403306,0.0011181075824424624,0.08562019758507135,0.2798792094293557,0.09187705817782657,0.21673502127235075,,,,,stage2,/dss/lxclscratch/0E/ra63pux2/ra63pux2/mini_tabicl_s2_priors,99,161,4425.0,83.0
21.591785430908203,0.20867271721363068,0.782552182674408,3306.0,4738.0,3012.134033203125,39.85663604736328,8.057405471801758,0.006711866240948439,0.0008587769698351622,4.4099651859141886e-05,0.046089385474860335,0.2097519425404264,0.054329608938547484,0.17385576088728674,,,,,stage2,/dss/lxclscratch/0E/ra63pux2/ra63pux2/mini_tabicl_s2_priors,99,162,4738.0,89.0
21.41459083557129,0.1209595799446106,0.7938454151153564,2842.0,4285.0,2274.1240234375,367.0142517089844,7.8266401290893555,0.10562708228826523,0.00166242232080549,0.0008212726097553968,0.647955647955648,0.47777328896240784,0.6917532917532918,0.3579993957912057,,,,,stage2,/dss/lxclscratch/0E/ra63pux2/ra63pux2/mini_tabicl_s2_priors,99,163,4285.0,82.0
21.45330238342285,0.12124167382717133,0.7908688187599182,3184.0,3956.0,2511.387939453125,28.570497512817383,7.962028980255127,0.005677106324583292,0.001858467934653163,5.937751120654866e-05,0.3950777202072539,0.48918431185862454,0.3950777202072539,0.48918431185862454,,,,,stage2,/dss/lxclscratch/0E/ra63pux2/ra63pux2/mini_tabicl_s2_priors,99,164,3956.0,84.0
22.1599063873291,0.20597931742668152,0.47826993465423584,1176.0,1533.0,243.09580993652344,30.283836364746094,6.5175557136535645,0.0470355786383152,0.020368704572319984,0.0020063158590346575,0.011204481792717087,0.10540427886157669,0.011204481792717087,0.10540427886157669,,,,,stage2,/dss/lxclscratch/0E/ra63pux2/ra63pux2/mini_tabicl_s2_priors,99,165,1533.0,3.0
21.549352645874023,0.17386433482170105,0.7652263045310974,2117.0,2497.0,1262.1346435546875,304.8174133300781,7.3138837814331055,0.26290544867515564,0.0046921963803470135,0.0020349614787846804,0.015789473684210527,0.12482455400298516,0.02421052631578947,0.1226065113162287,,,,,stage2,/dss/lxclscratch/0E/ra63pux2/ra63pux2/mini_tabicl_s2_priors,99,166,2497.0,30.0
21.412382125854492,0.14484329521656036,0.7201926708221436,7460.0,9484.0,4642.09765625,1329.3037109375,8.575907707214355,0.4071417450904846,0.0017485206481069326,0.0016705115558579564,0.21640316205533597,0.4118939863196225,0.2307312252964427,0.3629181705431831,,,,,stage2,/dss/lxclscratch/0E/ra63pux2/ra63pux2/mini_tabicl_s2_priors,99,167,9484.0,51.0
21.51407241821289,0.1256115585565567,0.7633863091468811,706.0,1258.0,648.08984375,10.004647254943848,6.51522970199585,0.008632454089820385,0.0033034214284271,0.0004342136671766639,0.018115942028985508,0.13349171266316942,0.027898550724637677,0.125297195293953,,,,,stage2,/dss/lxclscratch/0E/ra63pux2/ra63pux2/mini_tabicl_s2_priors,99,168,1258.0,21.0
21.406644821166992,0.1262771040201187,0.7818114161491394,6304.0,9756.0,5607.36376953125,125.0633316040039,8.692066192626953,0.011561933904886246,0.0006392074865289032,4.769268707605079e-05,0.009559675550405562,0.0973192262087437,0.013325608342989572,0.09597374498538945,,,,,stage2,/dss/lxclscratch/0E/ra63pux2/ra63pux2/mini_tabicl_s2_priors,99,169,9756.0,97.0
21.46721839904785,0.1305522620677948,0.7635392546653748,5113.0,9555.0,4155.89599609375,144.51153564453125,8.453104972839355,0.012196109630167484,0.0010125595144927502,0.00013952315202914178,0.0315173345339937,0.17473083695458827,0.03160738406123368,0.17476611145365947,,,,,stage2,/dss/lxclscratch/0E/ra63pux2/ra63pux2/mini_tabicl_s2_priors,99,170,9555.0,79.0
21.44790267944336,0.10503062605857849,0.7852981686592102,4864.0,8245.0,4203.7041015625,39.48413848876953,8.423116683959961,0.004775299225002527,0.000939738005399704,2.9615564926643856e-05,0.5584146702159124,0.4966494551010569,0.5584146702159124,0.4966494551010569,,,,,stage2,/dss/lxclscratch/0E/ra63pux2/ra63pux2/mini_tabicl_s2_priors,99,171,8245.0,55.0
21.513235092163086,0.072110116481781,0.7569794058799744,3646.0,6200.0,2078.552490234375,98.00048065185547,7.977758407592773,0.01981045864522457,0.002623124746605754,0.00018298982467968017,0.1158966327329679,0.32016361166419083,0.1158966327329679,0.32016361166419083,,,,,stage2,/dss/lxclscratch/0E/ra63pux2/ra63pux2/mini_tabicl_s2_priors,99,172,6200.0,18.0
21.54180908203125,0.15461565554141998,0.7794791460037231,5907.0,7710.0,4433.2392578125,211.04188537597656,8.569169998168945,0.017093174159526825,0.0014388554263859987,0.00024100346490740776,0.0066555740432612314,0.08133231973075818,0.0066555740432612314,0.08133231973075818,,,,,stage2,/dss/lxclscratch/0E/ra63pux2/ra63pux2/mini_tabicl_s2_priors,99,173,7710.0,69.0
21.581377029418945,0.14307592809200287,0.6541700959205627,4262.0,5248.0,2500.326904296875,976.1080322265625,7.853858470916748,0.5627196431159973,0.002428139327093959,0.0026445905677974224,0.29918864097363085,0.45813498655014157,0.4231237322515213,0.41145128669689846,,,,,stage2,/dss/lxclscratch/0E/ra63pux2/ra63pux2/mini_tabicl_s2_priors,99,174,5248.0,14.0
21.508865356445312,0.167742058634758,0.6597982048988342,3889.0,4797.0,2515.13818359375,760.481201171875,7.915597438812256,0.28847169876098633,0.0016823183977976441,0.0010980542283505201,0.51431718061674,0.5000704213385003,0.760352422907489,0.28857840214361025,,,,,stage2,/dss/lxclscratch/0E/ra63pux2/ra63pux2/mini_tabicl_s2_priors,99,175,4797.0,69.0
21.60114860534668,0.15093983709812164,0.6930179595947266,6206.0,8531.0,2822.648193359375,880.7244873046875,8.117249488830566,0.32201719284057617,0.0018337885849177837,0.0014850005973130465,0.07053763440860215,0.25610600816253587,0.1102795698924731,0.25645229371152245,,,,,stage2,/dss/lxclscratch/0E/ra63pux2/ra63pux2/mini_tabicl_s2_priors,99,176,8531.0,57.0
21.686866760253906,0.17342449724674225,0.6810212135314941,2078.0,2576.0,1744.8665771484375,49.446449279785156,7.556671142578125,0.016683701425790787,0.0020895758643746376,0.00029858291964046657,0.02208835341365462,0.147118726691607,0.022891566265060243,0.14754214447245168,,,,,stage2,/dss/lxclscratch/0E/ra63pux2/ra63pux2/mini_tabicl_s2_priors,99,177,2576.0,8.0
21.50618553161621,0.10361041128635406,0.779120922088623,5322.0,9740.0,3684.914306640625,341.4447937011719,8.414416313171387,0.05799620598554611,0.0017889469163492322,0.000533988990355283,0.26437301946582165,0.44104870015922226,0.26478044363965597,0.44093768738278455,,,,,stage2,/dss/lxclscratch/0E/ra63pux2/ra63pux2/mini_tabicl_s2_priors,99,178,9740.0,94.0
21.863784790039062,0.16094902157783508,0.5117897987365723,3463.0,5574.0,653.1104736328125,393.2354431152344,7.252202033996582,0.439750999212265,0.01653078943490982,0.011312846094369888,0.16485078162008526,0.3711337363204412,0.17280909521553767,0.36428157047841936,,,,,stage2,/dss/lxclscratch/0E/ra63pux2/ra63pux2/mini_tabicl_s2_priors,99,179,5574.0,6.0
21.438186645507812,0.16849815845489502,0.779567301273346,3461.0,4670.0,3053.400146484375,100.47077178955078,8.085549354553223,0.0207823459059,0.0013241545530036092,0.0001773631083779037,0.0033085194375516956,0.05744826294823626,0.007444168734491315,0.06693999043196158,,,,,stage2,/dss/lxclscratch/0E/ra63pux2/ra63pux2/mini_tabicl_s2_priors,99,180,4670.0,91.0
21.407146453857422,0.1340724378824234,0.7895165085792542,7308.0,9079.0,6459.1337890625,115.56501770019531,8.839221000671387,0.007830505259335041,0.000558040919713676,9.813712676987052e-05,0.06041784302653868,0.23832666514652665,0.05431959345002823,0.18253465750961106,,,,,stage2,/dss/lxclscratch/0E/ra63pux2/ra63pux2/mini_tabicl_s2_priors,99,181,9079.0,48.0
21.60578727722168,0.14934489130973816,0.7299404740333557,3061.0,5397.0,2549.83984375,86.98585510253906,7.94462776184082,0.01525631919503212,0.001467672293074429,0.0001198571699205786,0.019263698630136987,0.13747981523894484,0.01934931506849315,0.13753007996291433,,,,,stage2,/dss/lxclscratch/0E/ra63pux2/ra63pux2/mini_tabicl_s2_priors,99,182,5397.0,13.0
21.45854377746582,0.0844438448548317,0.7656810879707336,1193.0,2140.0,1031.0133056640625,43.951515197753906,7.020549774169922,0.017390413209795952,0.004022468347102404,0.00117493758443743,0.12671594508975711,0.3328302721388775,0.10411826821541711,0.22547562778516916,,,,,stage2,/dss/lxclscratch/0E/ra63pux2/ra63pux2/mini_tabicl_s2_priors,99,183,2140.0,21.0
21.74765968322754,0.19145891070365906,0.5786887407302856,2164.0,2416.0,917.15576171875,384.1844177246094,7.044406414031982,0.37501072883605957,0.006430536974221468,0.00508752278983593,0.17063492063492064,0.37693827584315603,0.19920634920634922,0.3505251681482283,,,,,stage2,/dss/lxclscratch/0E/ra63pux2/ra63pux2/mini_tabicl_s2_priors,99,184,2416.0,8.0
21.560941696166992,0.1319911777973175,0.6849358677864075,5572.0,7280.0,2110.530517578125,1119.14111328125,7.7688679695129395,0.6256455779075623,0.004468152299523354,0.0032757753506302834,0.29215456674473067,0.4548861662545728,0.4018735362997658,0.4116023845348789,,,,,stage2,/dss/lxclscratch/0E/ra63pux2/ra63pux2/mini_tabicl_s2_priors,99,185,7280.0,76.0
21.497379302978516,0.10149575769901276,0.7584161162376404,4490.0,7236.0,3371.576171875,53.605587005615234,8.283506393432617,0.0083164032548666,0.0014569126069545746,5.401143789640628e-05,0.33357611070648213,0.47157615907117423,0.33357611070648213,0.47157615907117423,,,,,stage2,/dss/lxclscratch/0E/ra63pux2/ra63pux2/mini_tabicl_s2_priors,99,186,7236.0,49.0
21.386993408203125,0.14257487654685974,0.786809504032135,1590.0,2112.0,1321.417724609375,37.48757553100586,7.285356521606445,0.012993941083550453,0.002592155709862709,0.00033923593582585454,0.017241379310344827,0.13029442214406511,0.017241379310344827,0.13029442214406511,,,,,stage2,/dss/lxclscratch/0E/ra63pux2/ra63pux2/mini_tabicl_s2_priors,99,187,2112.0,65.0
21.67595672607422,0.18908217549324036,0.5505452156066895,4442.0,5862.0,1107.78564453125,494.61798095703125,7.473311424255371,0.31620436906814575,0.009413786232471466,0.004801041446626186,0.21830985915492956,0.41324438987845025,0.21887323943661968,0.3851856742567689,,,,,stage2,/dss/lxclscratch/0E/ra63pux2/ra63pux2/mini_tabicl_s2_priors,99,188,5862.0,75.0
21.521381378173828,0.12226957082748413,0.7776626348495483,2471.0,3863.0,1739.6318359375,289.8688659667969,7.603899955749512,0.13297384977340698,0.0022048112004995346,0.0011917143128812313,0.02586206896551724,0.1587807732215008,0.03979885057471265,0.14387855250422968,,,,,stage2,/dss/lxclscratch/0E/ra63pux2/ra63pux2/mini_tabicl_s2_priors,99,189,3863.0,77.0
21.654237747192383,0.13086965680122375,0.6857110261917114,7227.0,8412.0,5598.20849609375,102.68171691894531,8.760055541992188,0.00907623115926981,0.0004697064287029207,2.746589780144859e-05,0.17046413502109706,0.3761988098490925,0.17012658227848101,0.35281503199443137,,,,,stage2,/dss/lxclscratch/0E/ra63pux2/ra63pux2/mini_tabicl_s2_priors,99,190,8412.0,8.0
21.510974884033203,0.18393775820732117,0.7783754467964172,6485.0,8812.0,5527.958984375,396.9242858886719,8.693329811096191,0.045825839042663574,0.0005416922504082322,0.0001478626363677904,0.03180060163300387,0.17550658219897816,0.03059733562526858,0.1514354782927744,,,,,stage2,/dss/lxclscratch/0E/ra63pux2/ra63pux2/mini_tabicl_s2_priors,99,191,8812.0,55.0
21.616214752197266,0.11746709048748016,0.7030788064002991,6800.0,7666.0,6255.6396484375,44.23544692993164,8.78618049621582,0.003719955449923873,0.0006063157925382257,1.634614818613045e-05,0.7944572748267898,0.40433116816314296,0.7944572748267898,0.40433116816314296,,,,,stage2,/dss/lxclscratch/0E/ra63pux2/ra63pux2/mini_tabicl_s2_priors,99,192,7666.0,9.0
21.392335891723633,0.12770220637321472,0.7794893980026245,3746.0,4916.0,2283.068603515625,723.1995849609375,7.862785339355469,0.4426162838935852,0.0048468271270394325,0.005509729031473398,0.023076923076923078,0.1502120630343287,0.034700854700854704,0.1333619543320177,,,,,stage2,/dss/lxclscratch/0E/ra63pux2/ra63pux2/mini_tabicl_s2_priors,99,193,4916.0,94.0
21.53543472290039,0.12592577934265137,0.7413269281387329,3767.0,5742.0,2855.682861328125,555.841552734375,8.068910598754883,0.14680199325084686,0.0011674934066832066,0.0008456384530290961,0.07189873417721519,0.25838558455806726,0.0749367088607595,0.21346441216914624,,,,,stage2,/dss/lxclscratch/0E/ra63pux2/ra63pux2/mini_tabicl_s2_priors,99,194,5742.0,20.0
21.54164695739746,0.11433316022157669,0.6527909636497498,2169.0,3673.0,1461.509033203125,362.0964660644531,7.400036811828613,0.27924844622612,0.003067578421905637,0.0016937963664531708,0.4654255319148936,0.498969082024878,0.5001329787234042,0.37684120927629355,,,,,stage2,/dss/lxclscratch/0E/ra63pux2/ra63pux2/mini_tabicl_s2_priors,99,195,3673.0,82.0
21.7027587890625,0.22821518778800964,0.7011776566505432,4642.0,5662.0,3762.22119140625,249.4224853515625,8.360602378845215,0.02472774125635624,0.001856332877650857,0.0006523641059175134,0.00392156862745098,0.06253017897872264,0.003529411764705882,0.046752161344999967,,,,,stage2,/dss/lxclscratch/0E/ra63pux2/ra63pux2/mini_tabicl_s2_priors,99,196,5662.0,9.0
21.443950653076172,0.11795177310705185,0.7855803966522217,3325.0,6094.0,3080.328369140625,24.59211540222168,8.072281837463379,0.0040041618049144745,0.0008981114951893687,8.822864765534177e-05,0.8020946189960274,0.39849239518576746,0.8020946189960274,0.39849239518576746,,,,,stage2,/dss/lxclscratch/0E/ra63pux2/ra63pux2/mini_tabicl_s2_priors,99,197,6094.0,80.0
21.40788459777832,0.13693106174468994,0.7684378027915955,5884.0,8324.0,4447.392578125,783.0758056640625,8.511837005615234,0.13292740285396576,0.0012750476598739624,0.0007468102267012,0.43565573770491806,0.4959441696826972,0.41918032786885245,0.44428047641132024,,,,,stage2,/dss/lxclscratch/0E/ra63pux2/ra63pux2/mini_tabicl_s2_priors,99,198,8324.0,69.0
22.073131561279297,0.3259274959564209,0.4291328489780426,5180.0,6470.0,1180.7293701171875,595.6553344726562,7.327635765075684,0.5163403153419495,0.008635535836219788,0.009457029402256012,0.1124031007751938,0.315984246039619,0.28434108527131785,0.331561519264534,,,,,stage2,/dss/lxclscratch/0E/ra63pux2/ra63pux2/mini_tabicl_s2_priors,99,199,6470.0,4.0
