dataset_id,dataset_name,n_folds,accuracy_n,accuracy_mean,accuracy_std,accuracy_foldboot_ci_lower,accuracy_foldboot_ci_upper,f1_macro_n,f1_macro_mean,f1_macro_std,f1_macro_foldboot_ci_lower,f1_macro_foldboot_ci_upper,f1_micro_n,f1_micro_mean,f1_micro_std,f1_micro_foldboot_ci_lower,f1_micro_foldboot_ci_upper,precision_macro_n,precision_macro_mean,precision_macro_std,precision_macro_foldboot_ci_lower,precision_macro_foldboot_ci_upper,recall_macro_n,recall_macro_mean,recall_macro_std,recall_macro_foldboot_ci_lower,recall_macro_foldboot_ci_upper,roc_auc_n,roc_auc_mean,roc_auc_std,roc_auc_foldboot_ci_lower,roc_auc_foldboot_ci_upper,log_loss_n,log_loss_mean,log_loss_std,log_loss_foldboot_ci_lower,log_loss_foldboot_ci_upper,fit_seconds_n,fit_seconds_mean,fit_seconds_std,fit_seconds_foldboot_ci_lower,fit_seconds_foldboot_ci_upper,predict_seconds_n,predict_seconds_mean,predict_seconds_std,predict_seconds_foldboot_ci_lower,predict_seconds_foldboot_ci_upper
3,kr-vs-kp,10,10,0.9896737852664577,0.006090581208230465,0.9859041927899688,0.9928085815047021,10,0.9896541703260178,0.0060959207853700905,0.9858827100870433,0.9927926480593326,10,0.9896737852664577,0.006090581208230465,0.9859041927899688,0.9928085815047021,10,0.9897846318393106,0.00611679598081581,0.9858806120026065,0.9929893627480779,10,0.9896613070872938,0.005992213027367885,0.9860124481196634,0.9928866150614335,10,0.9994230203722759,0.0006046899726561071,0.9990479110924705,0.9997367751596908,10,0.04110981581472987,0.010626245594449371,0.03510232913165563,0.047368589765968624,10,3.140962972503621,0.2247420248305259,3.0015485020812775,3.270039606969804,10,0.7744181804999244,0.008705913162260295,0.769248207284836,0.7802412889996776
11,balance-scale,10,10,0.9615463389656937,0.02302465361110289,0.9470046082949309,0.9729742703533026,10,0.9227919221778871,0.038359720741347934,0.8993031641847432,0.9428314441406547,10,0.9615463389656937,0.02302465361110289,0.9470046082949309,0.9729742703533026,10,0.8973544973544973,0.040999127184607534,0.8732804232804232,0.9198412698412699,10,0.972167487684729,0.016683711938095515,0.9616163793103446,0.9804823481116585,10,0.9953678182486765,0.004905687046468218,0.9921211724625505,0.99804683008192,10,0.1053364249590089,0.03612500495303027,0.08545055266411282,0.12879616815119482,10,3.0103138395992572,0.16276930255015937,2.9031636397021066,3.092585261231725,10,0.16638071539928206,0.006248661893955445,0.16250084550905738,0.1700387885661621
12,mfeat-factors,10,10,0.982,0.00856348838577676,0.9769875,0.9864999999999998,10,0.9820207131336784,0.008539572359773527,0.9770147546986604,0.9865038355151482,10,0.982,0.00856348838577676,0.9769875,0.9864999999999998,10,0.9828806106174527,0.008109187701892355,0.9779943552061973,0.9871973940533152,10,0.982,0.00856348838577676,0.9769875,0.9864999999999998,10,0.9997027777777779,0.00038867939683674045,0.999433263888889,0.9998833333333333,10,0.06552638229944789,0.022161282391434483,0.055135126509979863,0.0801848498500608,10,3.530004102399107,0.12116031113752188,3.4577242698591726,3.5997047987054978,10,1.9921296985994559,0.016038700066642504,1.9841769628871408,2.003118156948476
14,mfeat-fourier,10,10,0.8150000000000001,0.02798809270624442,0.7979999999999999,0.8305,10,0.8112118964205403,0.028747226354664996,0.7931015833704069,0.8273189652244947,10,0.8150000000000001,0.02798809270624442,0.7979999999999999,0.8305,10,0.8153638285169451,0.028445948274903505,0.7976349406248653,0.8313575434072544,10,0.8150000000000001,0.027988092706244465,0.7979999999999999,0.8305,10,0.9802111111111111,0.004757695376432172,0.977233263888889,0.9829283333333333,10,0.48386960753802083,0.052443837041777894,0.45499195723295427,0.5177534277230422,10,3.2361325340985787,0.11694328332380714,3.1708504525240278,3.3014966422207364,10,0.8200233148992992,0.0072257788015214625,0.8160605078282243,0.8240954742082977
15,breast-w,10,10,0.9685300207039337,0.022125780379165075,0.9556718426501035,0.9813467908902692,10,0.9656747541623318,0.02412638345737436,0.9516509177115156,0.9796185244750073,10,0.9685300207039337,0.022125780379165075,0.9556718426501035,0.9813467908902692,10,0.9617872184176532,0.026274582367064002,0.946769955185716,0.9766238627214171,10,0.9710084541062802,0.021819709795735807,0.9575169082125605,0.9827415458937198,10,0.995114573268921,0.004635679463329731,0.9923490619967795,0.9977194041867955,10,0.08441892462413449,0.04653671381677832,0.0550954063977063,0.11213683898081088,10,3.117314336396521,0.11273963346184372,3.0488454483737586,3.188412192060641,10,0.22131509530590843,0.006371676494593717,0.21757440185712762,0.22516877950838535
16,mfeat-karhunen,10,10,0.9809999999999999,0.006146362971528596,0.9775,0.9844999999999999,10,0.9809761113591605,0.006225201067081276,0.9774661277112892,0.9845125080347255,10,0.9809999999999999,0.006146362971528596,0.9775,0.9844999999999999,10,0.9820023279542729,0.005907909557194152,0.9788033901453238,0.9852952233597828,10,0.9809999999999999,0.006146362971528596,0.9775,0.9844999999999999,10,0.9997,0.0002780245817160623,0.9995194444444447,0.9998305555555558,10,0.07373362067438352,0.01720544933600756,0.06386699549770535,0.08431675176629419,10,3.2974469667940864,0.08796495806336573,3.2457320128221183,3.3532842099361004,10,0.7288753798988182,0.005736471693778527,0.7257032634044299,0.7325126976631873
18,mfeat-morphological,10,10,0.731,0.02705960499013656,0.717,0.7474999999999999,10,0.7279554864816403,0.026554391091617828,0.7146427122143039,0.7439225454097158,10,0.731,0.02705960499013656,0.717,0.7474999999999999,10,0.7338073044903173,0.02888124546159753,0.719547401066071,0.7511147444549476,10,0.731,0.027059604990136574,0.717,0.7474999999999999,10,0.9672305555555555,0.006607479680098018,0.9638269444444445,0.9710168055555556,10,0.5951770895638993,0.10047913386159997,0.5406635633107625,0.6530110764710544,10,3.022519359202124,0.31380991194270286,2.8231947401340585,3.1596948927329502,10,0.30869078589603305,0.004735701129255276,0.3063001185283065,0.31201156773619004
22,mfeat-zernike,10,10,0.8190000000000002,0.026956755492207614,0.8035,0.8365,10,0.8153688281314544,0.027003144518415498,0.7999578631804433,0.8322727346615231,10,0.8190000000000002,0.026956755492207614,0.8035,0.8365,10,0.8141801984247637,0.02709760081745287,0.7986663662257841,0.8304796112227463,10,0.8190000000000002,0.026956755492207624,0.8035,0.8365,10,0.9802916666666667,0.0013812909460503757,0.9795638194444444,0.9812084027777777,10,0.29276424315479155,0.035682523735685576,0.2731296413728124,0.31449827914093875,10,3.0989747924904805,0.17467309880139922,2.992823577437957,3.191319741865009,10,0.5952051769010722,0.003120825560212685,0.5931747502967483,0.5971320707784616
23,cmc,10,10,0.5621529692958264,0.037245600051477076,0.5411109578966721,0.5843584528405957,10,0.540314318093689,0.03744218866730716,0.5195256880541751,0.5626434863859162,10,0.5621529692958264,0.037245600051477076,0.5411109578966721,0.5843584528405957,10,0.5535727018435989,0.041817895077549724,0.5302247536503016,0.5778762461437615,10,0.5375439217469578,0.037241145896260895,0.5168323947119013,0.5595406746426671,10,0.7485580812577777,0.03154309098961701,0.7320472435200303,0.7671496133268145,10,0.8912414873817618,0.049838331992756696,0.8621719290146407,0.9200709837610522,10,3.018863028596388,0.29650091096298276,2.836550980208849,3.1623967833752973,10,0.2792692535964306,0.003477876431596876,0.2771765555653838,0.28130240650629273
28,optdigits,10,10,0.9921708185053382,0.004454325825745789,0.9895017793594304,0.9946619217081849,10,0.9922019255538604,0.004427806421509724,0.989551889743454,0.9946773341409471,10,0.9921708185053382,0.004454325825745789,0.9895017793594304,0.9946619217081849,10,0.9923809448202385,0.004305060437850862,0.9898080585656555,0.9947810631095299,10,0.9921701471547205,0.004472629124750157,0.9894908497242321,0.9946647515634698,10,0.9999466846556349,3.993823490390107e-05,0.9999232227347197,0.9999692161294584,10,0.026000709844697267,0.009782109012714412,0.02065022463844971,0.03219366939886859,10,3.4792803921038287,0.1601074747152447,3.385690479809855,3.567825692185579,10,1.9141506044077687,0.003553133073692892,1.9122329575401091,1.9163793475010606
29,credit-approval,10,10,0.8855072463768116,0.04398523532401946,0.8565217391304347,0.910144927536232,10,0.8841482688264829,0.04433717482832256,0.855095763516128,0.9091222320535786,10,0.8855072463768116,0.04398523532401946,0.8565217391304347,0.910144927536232,10,0.8845399489151866,0.044697762454221995,0.8552920143917634,0.9096512272087172,10,0.884332419137173,0.04401832874981136,0.8557726535631884,0.9091167123764748,10,0.934759044012015,0.030139211531351406,0.9155260582183332,0.9500187446490502,10,0.32908335077446743,0.09174340941922718,0.28262072673331107,0.3880340217233437,10,3.1904783849953673,0.13711387297440483,3.1001318414816343,3.263956061701319,10,0.23226796630187888,0.0037062434200551297,0.23032876844939887,0.23447113965186872
31,credit-g,10,10,0.7619999999999999,0.026161889160464802,0.746975,0.7780250000000001,10,0.676327605953802,0.03839308011425547,0.6539967207867163,0.7002197663794607,10,0.7619999999999999,0.026161889160464802,0.746975,0.7780250000000001,10,0.7320826490551969,0.05172670154517583,0.7017997553556566,0.7639468606091075,10,0.6642857142857144,0.037259347918430184,0.6426130952380953,0.687625,10,0.7840238095238095,0.036730592594603165,0.7609744047619047,0.8055797619047618,10,0.5005938171754739,0.04508966977983319,0.47477184719185256,0.5301565233447333,10,3.0809278939093927,0.366515688577988,2.8506124926899794,3.2758703922318815,10,0.292396401707083,0.005915552031935459,0.2891568571663811,0.2961308842942526
32,pendigits,10,10,0.9970890892546944,0.001858668864179553,0.9959977603606585,0.998089420134006,10,0.9970758099444185,0.0018549628176170812,0.9959838396636598,0.9980734110440436,10,0.9970890892546944,0.001858668864179553,0.9959977603606585,0.998089420134006,10,0.9971066354284688,0.001838652000157792,0.9960229548309886,0.9980937027331426,10,0.997067475908804,0.0018571522995216444,0.9959658903719513,0.998068035963576,10,0.9998339741515483,0.00028155926954673787,0.9996535347544079,0.9999941528900202,10,0.013383373448957908,0.009473629708038049,0.007867135534065645,0.018883823065315802,10,3.4515847702044993,0.19414463877037555,3.344217667103221,3.5697692918940445,10,1.9912829284148756,0.005998739744670311,1.9878978056742926,1.9949101392901503
37,diabetes,10,10,0.7747095010252905,0.0506522895559449,0.746138072453862,0.8035714285714286,10,0.7435164294425415,0.06120344739305132,0.7081593926774676,0.776857552947865,10,0.7747095010252905,0.0506522895559449,0.746138072453862,0.8035714285714286,10,0.7567006505742092,0.05920206351939053,0.724510986662553,0.7908895228574848,10,0.7395384615384617,0.06211324955071456,0.7037655270655271,0.7739960826210828,10,0.8353874643874644,0.046833332849501655,0.8085968660968661,0.8612037037037036,10,0.48728392523828684,0.07371401422658716,0.4474742917734561,0.5299724705928711,10,3.08431330108433,0.1498143997528622,3.000925155283039,3.1735340430588983,10,0.23708128019934516,0.015843747312229144,0.22979003742118942,0.24722010556710303
38,sick,10,10,0.9793194672505017,0.005839818452686986,0.9758808576480991,0.9827614275890137,10,0.9025064852828735,0.028778343249079436,0.8862068946237818,0.9190399386287134,10,0.9793194672505017,0.005839818452686986,0.9758808576480991,0.9827614275890137,10,0.9393347669843035,0.030790646969443114,0.9215292343626393,0.9576683256293695,10,0.8739364700855589,0.037004994827914195,0.8528709162367969,0.894864690043973,10,0.9943208229974294,0.002161581861627231,0.9929684045689019,0.9955492983694356,10,0.04701204278054254,0.007335046938163864,0.042747788888693544,0.051288319094332305,10,3.2744690889958292,0.14443786588596016,3.1945222761301557,3.3602257439403913,10,0.8071315529930871,0.09068954698493821,0.7760648034446058,0.8655757071194239
44,spambase,10,10,0.9589257757238517,0.009278596590859493,0.953503407054607,0.9643478260869566,10,0.9568694597311088,0.009903417279924406,0.9510216632829125,0.9626595496210064,10,0.9589257757238517,0.009278596590859493,0.953503407054607,0.9643478260869566,10,0.958108410272786,0.008558800646877663,0.9533113486434293,0.9629548718045994,10,0.9559783229368218,0.011459099657940017,0.9489267155001874,0.9627663539515685,10,0.989960869782751,0.006033276090419232,0.9860467449354611,0.9932191242468235,10,0.12029523271677194,0.03475854061124141,0.10185503874111504,0.1413987990860427,10,3.3621208348020444,0.07610545014157383,3.3216017618789917,3.4108657970633067,10,1.4876903080090416,0.0128640450628134,1.4817665978803416,1.4965400739276082
46,splice,10,10,0.9191222570532915,0.015414076417626547,0.9103369905956114,0.9275940438871474,10,0.9120387528378263,0.01783824673738627,0.9013990366516478,0.9218155373460101,10,0.9191222570532915,0.015414076417626547,0.9103369905956114,0.9275940438871474,10,0.9153546829827137,0.01417158969316915,0.907405343414912,0.9235664560856274,10,0.9098323940556025,0.022006635594589576,0.8970348542724097,0.9220124498906999,10,0.9840686889994478,0.006290359147680973,0.9805381296160515,0.9875094914754914,10,0.22620701134398397,0.03805628684880654,0.2054243725494371,0.24759794966951912,10,3.4081750092911536,0.14674223076418808,3.330835787623801,3.49552919288195,10,1.0738428707933054,0.004711767874001675,1.0713850385801924,1.076776665103389
50,tic-tac-toe,10,10,0.9833004385964912,0.012229255798515307,0.9759756030701756,0.9905701754385966,10,0.9812423142728071,0.013917053241754417,0.9728051336482121,0.9893790821414487,10,0.9833004385964912,0.012229255798515307,0.9759756030701756,0.9905701754385966,10,0.9876756015025604,0.008831616437550848,0.9823461759141563,0.9929439484126984,10,0.9759358288770053,0.017721025896621185,0.9651515151515151,0.9863636363636363,10,1.0,0.0,1.0,1.0,10,0.031752590624246055,0.019378515253658322,0.021980980739041107,0.04453021509493197,10,3.2276453636062796,0.12842849469856166,3.1535059868660755,3.303452333558816,10,0.2501710910059046,0.004398212581356814,0.24768828137661325,0.2527519342050073
54,vehicle,10,10,0.8428431372549019,0.02969205659148421,0.8256820728291315,0.8591193977591036,10,0.8428812793189756,0.03077201822624968,0.8251510950486441,0.8598376359348585,10,0.8428431372549019,0.02969205659148421,0.8256820728291315,0.8591193977591036,10,0.8465802150038083,0.03321070884530223,0.8273817909294812,0.8650336199747963,10,0.844836807928913,0.029529153464080478,0.8278544372294372,0.8610977728411939,10,0.968297816817852,0.006507581034703463,0.9644819780836104,0.9719951400082246,10,0.2933056478436831,0.026646040414706477,0.2807359349915708,0.3094962291316357,10,3.1171003063966056,0.25872197697765364,2.9534296094145973,3.2506763862469232,10,0.25969787759240714,0.006618801441991758,0.25666512366253297,0.26436004452698403
151,electricity,10,10,0.842050657985598,0.004254695162593586,0.8395746246120916,0.8448353879414207,10,0.8367754424924778,0.004595017710442973,0.8340773706127785,0.8397912610018121,10,0.842050657985598,0.004254695162593586,0.8395746246120916,0.8448353879414207,10,0.8411806619812943,0.004105397158452815,0.8388473455772776,0.843884670723998,10,0.8339426822914693,0.00491638075255708,0.8310629663405572,0.8371847854981529,10,0.9214582686810262,0.0031800713133445066,0.9195209797402949,0.9234383459064831,10,0.35296184140582243,0.006270357522617998,0.34922579365644135,0.3567546608538497,10,3.704876138101099,0.15269229794224204,3.6195750030396447,3.797616910121578,10,12.782030558300903,0.08414989909847519,12.728770615256073,12.82707409527764
182,satimage,10,10,0.9143079315707621,0.009140672172479566,0.9090202177293933,0.9200622083981338,10,0.8955870824859661,0.012196630438612521,0.8885963166308234,0.9030685305792512,10,0.9143079315707621,0.009140672172479566,0.9090202177293933,0.9200622083981338,10,0.9028012165813013,0.011345490068361165,0.8962512561813818,0.9100998208673243,10,0.8918369070081212,0.011950560944085479,0.8849199682446077,0.8992296216543563,10,0.9906699480282264,0.0022498867931555933,0.9893965119459492,0.9920701001558685,10,0.21190255512534276,0.019095012200467415,0.1995578517990599,0.22240130087840493,10,3.4950907199003267,0.18060882064463718,3.3796590773797655,3.5978770424064717,10,1.6795831494033338,0.03414874996523622,1.6604852184760965,1.701168305515748
188,eucalyptus,10,10,0.6996853017400964,0.03787363768816748,0.6802105701592003,0.7232335246205109,10,0.6743392362386165,0.046132968619551414,0.6492811131900061,0.7014776341526558,10,0.6996853017400964,0.03787363768816748,0.6802105701592003,0.7232335246205109,10,0.7035798384665302,0.056793020031041,0.6737078701205501,0.7356800368625989,10,0.673048507048507,0.04585051939721637,0.6484260961260961,0.7000467976467977,10,0.9317842375525363,0.011320437356111617,0.9255583102951427,0.9388131369259858,10,0.660050409312378,0.05884198163155754,0.6272429520688734,0.6951999811271321,10,3.2284147648955694,0.10422163822329807,3.1699384490016382,3.291811540569761,10,0.25482289779465644,0.010197160514381937,0.24935705051801046,0.2605380479739688
458,analcatdata_authorship,10,10,0.9964285714285716,0.008035101877506596,0.9916369047619047,1.0,10,0.9956637589674768,0.009474803701257315,0.9892141756548536,1.0,10,0.9964285714285716,0.008035101877506596,0.9916369047619047,1.0,10,0.9975537634408603,0.005474683075488932,0.9942560483870969,1.0,10,0.9942708333333334,0.013548342371615734,0.9854166666666668,1.0,10,0.9999693019803473,9.707566175934538e-05,0.9999079059410416,1.0,10,0.014663486546091481,0.026193469706538013,0.003844214815629675,0.032220803045468226,10,3.3813025131996257,0.13352812999921637,3.3011718730127906,3.4613147579789802,10,0.4239555735024624,0.0028830499964871714,0.4223289033085166,0.4257380520447623
469,analcatdata_dmft,10,10,0.2132911392405063,0.03931119149711967,0.18960324367088605,0.23620213607594934,10,0.2087940182617109,0.04251173074986136,0.1834938569643486,0.23317353210307953,10,0.2132911392405063,0.03931119149711967,0.18960324367088605,0.23620213607594934,10,0.21822201155945598,0.04822459278758763,0.18942292468811425,0.2448313695996842,10,0.21190018315018314,0.03851759462318026,0.18907394688644688,0.23429271596459092,10,0.5721062286842395,0.03740790633692677,0.5500383637239084,0.5943273625369454,10,1.8090759305887603,0.07140343931813783,1.767939013025893,1.851483523139736,10,3.1138470202102324,0.0858423672736427,3.0598592780457694,3.1600260636233726,10,0.20216779360780487,0.0070168901898197186,0.19819505941894022,0.2059592939604772
1049,pc4,10,10,0.9245630609352858,0.019336666023413215,0.9129044638639584,0.9354274917335854,10,0.8101432067183205,0.04414856570374928,0.7831829518336549,0.8348057306839737,10,0.9245630609352858,0.019336666023413215,0.9129044638639584,0.9354274917335854,10,0.8433830694262661,0.05587540869386705,0.8107089731066199,0.875353370941103,10,0.7876429738562092,0.0436698571412786,0.7609999234068626,0.8119973575367646,10,0.9594030841503267,0.01754292900461539,0.949272301368464,0.969279513888889,10,0.1671702464319404,0.03652170094524341,0.14633317107011276,0.18874830047592608,10,3.393587734992616,0.2302935241748231,3.268215256995318,3.5312424966914113,10,0.4378735589038115,0.007590162691576038,0.43410649990604727,0.44255470531803437
1050,pc3,10,10,0.8963579944471665,0.005770245080526149,0.8927323207577984,0.8995631226522945,10,0.5264407477335361,0.02395499178442472,0.511489992728752,0.5394372266651113,10,0.8963579944471665,0.005770245080526149,0.8927323207577984,0.8995631226522945,10,0.697169014114485,0.1558660318106746,0.605014685236116,0.7936890479876161,10,0.5269769503546099,0.013450511119421558,0.5190330547112463,0.5346454533941236,10,0.8701377279635258,0.041008190515544954,0.8464072354673252,0.8928883057877407,10,0.24145635170225682,0.02462910997195047,0.22722302886956466,0.2553595133250703,10,3.583072869904572,0.10698134476948311,3.526236228154303,3.642865554381133,10,0.4620922123081982,0.0040000938825518265,0.45980083878894223,0.4644604624860222
1053,jm1,10,10,0.8192004436071951,0.005346501340874996,0.8160743611752553,0.8223400701534058,10,0.5748806987659318,0.014971110194600687,0.5657346699572081,0.5831323741836517,10,0.8192004436071951,0.005346501340874996,0.8160743611752553,0.8223400701534058,10,0.7296492178633082,0.028667696646335818,0.7131223982165255,0.7463153869828257,10,0.5679561411976511,0.009969629899816508,0.5619178460276608,0.5734567230950505,10,0.751468032413571,0.01740515675206527,0.7410978294941571,0.761167695791645,10,0.42666902316698885,0.010062821583542719,0.4210865589276762,0.43252015158776924,10,3.8713690020958893,0.14507638066583656,3.7925570807911573,3.9598138246408783,10,2.2138995951157994,0.05014747345767648,2.188308692080609,2.247787796169141
1063,kc2,10,10,0.8410377358490566,0.053813524340580274,0.8105587808417998,0.8754735123367199,10,0.7179676604584475,0.10336833703268393,0.6589732732412173,0.7845255220714235,10,0.8410377358490566,0.053813524340580274,0.8105587808417998,0.8754735123367199,10,0.7739757798445168,0.11900216919963993,0.7080549322325579,0.8500891504862499,10,0.6998606271777004,0.09807216319790359,0.6433918144863268,0.7612435724844261,10,0.825261851969169,0.09507981472301484,0.7670427489177488,0.8744993136944357,10,0.37931114065515065,0.1070562714535718,0.3210373426994517,0.4437826871145555,10,3.510303875798127,0.1855070608446342,3.4026934351294766,3.617552498320147,10,0.24423151810187843,0.012513252572612477,0.2373718262929469,0.25189566033848676
1067,kc1,10,10,0.8710291130670278,0.012985306220416905,0.8639810426540284,0.8791469194312796,10,0.673571824446455,0.042957522249335627,0.6527247367146238,0.7000093169771362,10,0.8710291130670278,0.012985306220416905,0.8639810426540284,0.8791469194312796,10,0.7857453336860682,0.04632550931129965,0.7578750551859835,0.8130948054345208,10,0.6403250262020114,0.03855564025126979,0.6217446621575192,0.6638837509249168,10,0.8497227166801717,0.03268691521277448,0.830183967483827,0.8673718896702731,10,0.3167604139866696,0.02767188539040923,0.3018626036097077,0.33310160660599497,10,3.588125007000053,0.1714445541212582,3.480783553210349,3.689576212223765,10,0.44480350960511716,0.011141175246121793,0.4386922789050732,0.45286863077126327
1068,pc1,10,10,0.9395823095823095,0.014130661326349141,0.9314742014742017,0.9477477477477476,10,0.6555134204597299,0.10315847434374312,0.5974282397286393,0.7149616832502798,10,0.9395823095823095,0.014130661326349141,0.9314742014742017,0.9477477477477476,10,0.7857093333229404,0.17226126782695356,0.6841327488639287,0.8763331485349939,10,0.6179711671823322,0.07817803362097277,0.5745591059426012,0.6635324369198763,10,0.9038008108396458,0.03546720596416556,0.8838624239837833,0.9257819334791422,10,0.16410189793082586,0.02338802776801724,0.14912432212363716,0.1765226632998937,10,3.4454078000970183,0.09571552786226499,3.391742527281895,3.503468598627369,10,0.317834124393994,0.005938969881752105,0.3144896630468429,0.321497787473927
1461,bank-marketing,10,10,0.9007985340610591,0.0051790639858651545,0.8977063178849578,0.9036966198137132,10,0.7016330061422376,0.01940217683919457,0.690383157626378,0.7119258249276597,10,0.9007985340610591,0.0051790639858651545,0.8977063178849578,0.9036966198137132,10,0.776692775270708,0.019678396409084847,0.7651997659634455,0.7878691248619024,10,0.6657236640268654,0.017570815330327522,0.6553713612459079,0.6751194528134454,10,0.9124102364190663,0.00644489951744254,0.9083469598080813,0.9159562570336681,10,0.22200834125720395,0.006482283790602253,0.21850806231235106,0.22623297570537562,10,4.246850722510135,0.2099884103639386,4.127095227964019,4.373984863110963,10,14.104347099398728,0.06656352962507026,14.063106365990244,14.140769117274612
1462,banknote-authentication,10,10,1.0,0.0,1.0,1.0,10,1.0,0.0,1.0,1.0,10,1.0,0.0,1.0,1.0,10,1.0,0.0,1.0,1.0,10,1.0,0.0,1.0,1.0,10,1.0,0.0,1.0,1.0,10,0.00018421897402492546,0.0004188502438492284,2.2361300948464244e-05,0.0004733315984863405,10,3.9255314115958755,0.13520103360864727,3.842077595880255,3.9944597499683727,10,0.13923661149456162,0.006730136895463766,0.13582838700895075,0.14341533340091694
1464,blood-transfusion-service-center,10,10,0.7914054054054054,0.02235332643555017,0.7783603603603605,0.8050274774774776,10,0.6480463885813886,0.04344790891640667,0.6224151445662084,0.6741904202125584,10,0.7914054054054054,0.02235332643555017,0.7783603603603605,0.8050274774774776,10,0.7183489855531111,0.05456590797657705,0.6864566358837091,0.7500830695955482,10,0.6311661506707946,0.03692497076131483,0.6098155314757482,0.6540254127966976,10,0.7467148262813899,0.0450508852953205,0.7201700636394909,0.7726241973397546,10,0.4796456736057692,0.03380376195608475,0.45991601120949016,0.4989173446283557,10,3.9350977931986564,0.1806760234857962,3.8220440650713865,4.030868957540806,10,0.10433246448519637,0.003055526253561849,0.10266389922617232,0.10615544449101436
1475,first-order-theorem-proving,10,10,0.6086954312548806,0.015664805986676245,0.6001278507857043,0.6177222396050619,10,0.48778596772880045,0.025841934850656223,0.4735550518448969,0.5022475059454362,10,0.6086954312548806,0.015664805986676245,0.6001278507857043,0.6177222396050619,10,0.5435655566552647,0.03462778391931709,0.5234798540081161,0.5631640384430692,10,0.4664595040723933,0.021500796624991648,0.45449961565088987,0.47862802733743187,10,0.8418515823909791,0.008203478246143857,0.837534756400312,0.8467674916424391,10,1.089355188034212,0.022472746841756465,1.0752666690840549,1.1011711016813592,10,4.267393220786471,0.18557293530449648,4.154914655855537,4.375533051311795,10,1.9074694747978356,0.051960544805335476,1.8752965697295438,1.94026442912349
1480,ilpd,10,10,0.7084745762711865,0.05251347453858991,0.6819929865575687,0.7402206312098187,10,0.5602616688207227,0.06756420105625079,0.5264780284546915,0.6036536280710008,10,0.7084745762711865,0.05251347453858991,0.6819929865575687,0.7402206312098187,10,0.6204135972992579,0.10756349201415003,0.5656370825266822,0.6859824843398898,10,0.5631005755960921,0.0541452656393196,0.5358110225797637,0.5979041502271639,10,0.7702240042358407,0.0684999908536768,0.7325305732048916,0.8104492040718727,10,0.49686295294556154,0.060707555640710606,0.4646104434294794,0.5342561941104236,10,3.8558393966057336,0.13868664982385762,3.7735113492651724,3.935379494469671,10,0.24506992549286225,0.012690803507067739,0.2374222230922896,0.2520263845518639
1485,madelon,10,10,0.6115384615384616,0.03207691282870975,0.5961442307692306,0.6307692307692306,10,0.6107830143472963,0.03244910773983039,0.5951088629114616,0.6300890601440001,10,0.6115384615384616,0.03207691282870975,0.5961442307692306,0.6307692307692306,10,0.6123087363022236,0.032061047167981964,0.5969782563089148,0.6314435045383627,10,0.6115384615384616,0.03207691282870975,0.5961442307692306,0.6307692307692306,10,0.6651745562130178,0.03598604181060123,0.6456369082840238,0.6855526627218935,10,0.6673569343071571,0.004728219522663929,0.6647330025363198,0.669903958311431,10,5.147000364493579,0.2612529130405505,4.9667374194276634,5.266811571334255,10,7.5990074218076185,0.3148138008585912,7.394376555892668,7.7688843100381195
1486,nomao,10,10,0.9592629522488034,0.003007427787370373,0.9574048896640799,0.960804173167984,10,0.9497579318907844,0.003762197321275582,0.9474614823154827,0.9517104900238483,10,0.9592629522488034,0.003007427787370373,0.9574048896640799,0.960804173167984,10,0.9528257601755197,0.003955116949862452,0.9504841348088724,0.9547700562545617,10,0.9468852311547964,0.004764227705199071,0.9440361265736751,0.9494126936687861,10,0.9918461722051489,0.0008326522062450462,0.9914040817270634,0.9923105115707902,10,0.10489230388163044,0.004784238085283718,0.1022130212093412,0.1074650530433918,10,7.081279320502654,0.1717122019894793,6.975234736198181,7.177124728374619,10,23.52909968110034,0.7948278702047692,23.074641163170018,23.975079315092444
1487,ozone-level-8hr,10,10,0.9483007064828358,0.011240659516127852,0.9423061062525288,0.9550500295664621,10,0.7013477179543612,0.07815554802857094,0.6573492922543532,0.7472325884974654,10,0.9483007064828358,0.011240659516127852,0.9423061062525288,0.9550500295664621,10,0.8235274761078356,0.09765885310749518,0.7697578279504882,0.8844483976259918,10,0.654743400524767,0.06574828397370609,0.6192503595583804,0.6935161374676453,10,0.936675841222565,0.019890458029728473,0.9250524102045882,0.9470027734194943,10,0.13550567962941157,0.01818895359625385,0.12591525075883228,0.14575186562815584,10,4.245584371505538,0.12925823330985325,4.18092773867349,4.320699690072797,10,0.9951906467962545,0.011932107658390242,0.989044718996156,1.0031462455398286
1489,phoneme,10,10,0.9109984938728006,0.015177448292738092,0.9023689412610393,0.9200387571027592,10,0.8915265034240717,0.01900074975344584,0.8810378224303083,0.9027619941210596,10,0.9109984938728006,0.015177448292738092,0.9023689412610393,0.9200387571027592,10,0.8959464015672216,0.017497917533178645,0.8859225958885267,0.9062100127695026,10,0.8880170837139675,0.0223014500884534,0.8759293856291723,0.9019197525335546,10,0.9664172157402211,0.0077522362797389594,0.9620597148551969,0.9709429298598988,10,0.21373488836476548,0.024399037115306263,0.19910838217601834,0.2276013995027878,10,3.981176078511635,0.17006502977138319,3.883272533140407,4.081314507747593,10,0.4849457314994652,0.008992353881658479,0.479850665985723,0.49023741650293234
1494,qsar-biodeg,10,10,0.8701707097933514,0.029447918131006962,0.8523526504941598,0.8861570080862534,10,0.8518793499147194,0.03392402267459393,0.8311185146263244,0.8707311868628073,10,0.8701707097933514,0.029447918131006962,0.8523526504941598,0.8861570080862534,10,0.8615364735869427,0.035639961771659026,0.8398927166347099,0.8807096919574492,10,0.8463060731538992,0.036960584198354046,0.8246824534161491,0.8671820652173913,10,0.9364233297183608,0.03824879119326571,0.9121409884485197,0.956390940385816,10,0.30765485205997156,0.0913881024894847,0.26055771970459535,0.36447872887769833,10,3.8555645144020674,0.11692703273279563,3.795144510989776,3.9321766883558302,10,0.39863985318806955,0.007697255416109189,0.39411770136663105,0.40311573129860334
1497,wall-robot-navigation,10,10,0.961876197197298,0.008457164285905552,0.9562047837483617,0.9662785227005409,10,0.9598240490238494,0.011119771890854002,0.952567310995715,0.965935216351845,10,0.961876197197298,0.008457164285905552,0.9562047837483617,0.9662785227005409,10,0.9616524416540772,0.01386067007738245,0.952327940652546,0.9690565500452827,10,0.9583690471412474,0.008940155092845181,0.9528355240291075,0.9635196786081252,10,0.9979952346656935,0.0005106568807484198,0.9976783744175255,0.9982792806633932,10,0.0942564760392813,0.013113063767408657,0.08688521631142485,0.10278355541040463,10,4.020696801308077,0.12290144767853316,3.9551059332236767,4.103548926802323,10,1.1181918460002636,0.022581125515175948,1.1056229606129637,1.132799976113165
1501,semeion,10,10,0.952936320754717,0.02155115978461394,0.939826552672956,0.9648435534591195,10,0.952552411164014,0.02170329518948025,0.9393641264006782,0.9645199720344707,10,0.952936320754717,0.02155115978461394,0.939826552672956,0.9648435534591195,10,0.9548079843273343,0.02054510920809067,0.9423558515089573,0.9660387405400758,10,0.952781862745098,0.021412581216176545,0.9397400735294119,0.9645746936274511,10,0.9981964770236506,0.0011689963775774737,0.9974518125212104,0.9988782445499033,10,0.18209097497324478,0.04054992814028408,0.15794903913392308,0.20484015958221297,10,4.36566438699956,0.09822544312970372,4.307926183283999,4.421759495634905,10,2.0171198291995096,0.0059935099912284346,2.013424025142449,2.020447556099825
1510,wdbc,10,10,0.9824248120300751,0.016540806183619344,0.9719298245614036,0.9912280701754386,10,0.9811532229790464,0.017790122139054836,0.9698506336773757,0.9906418165710568,10,0.9824248120300751,0.016540806183619344,0.9719298245614036,0.9912280701754386,10,0.9824658236500341,0.016798741291065147,0.9724738076251233,0.9920634920634921,10,0.9802958152958153,0.01920051258990235,0.9680627705627705,0.9911002886002885,10,0.9956445406445406,0.007562970580144413,0.9902108585858586,0.9992237854737855,10,0.06461251632720103,0.052575514640921715,0.03722254322055519,0.10238952991323359,10,3.982463516696589,0.13259597203607848,3.902034718520008,4.05866546968522,10,0.2853040298912674,0.01410974939191066,0.277540269564197,0.29390981689866746
1590,adult,10,10,0.8476310631837757,0.004408803336593557,0.8450885597028125,0.8503581870113343,10,0.775639161229962,0.006504544597651768,0.7719073309718975,0.7796971724749177,10,0.8476310631837757,0.004408803336593557,0.8450885597028125,0.8503581870113343,10,0.8006422861047359,0.007213695462609628,0.7964927893809006,0.8051332050487737,10,0.7585035134583696,0.006349240232898191,0.7548861145651126,0.762495028496889,10,0.903952830591283,0.004737125199217554,0.9014847404052067,0.9069967593213187,10,0.32272991118203237,0.007024524215049726,0.3181831762058613,0.3264014154716281,10,4.39721611069981,0.2562238567242619,4.234697352029616,4.526095267105993,10,15.649996713694417,0.09615500450204283,15.594257108332531,15.70958558958737
4534,PhishingWebsites,10,10,0.9475361049970135,0.00517459083809191,0.944199594151195,0.9504221645815094,10,0.9466521347494166,0.005281121269294486,0.9432498742009735,0.9495840928018109,10,0.9475361049970135,0.00517459083809191,0.944199594151195,0.9504221645815094,10,0.9486520039454497,0.005172147424544331,0.9451847487199225,0.9513640925327552,10,0.9451758187801668,0.005491956567083285,0.9417654487432275,0.9482547533965023,10,0.9898713986672224,0.001408634746173001,0.9889901838673094,0.9906877832936805,10,0.13006979269316504,0.007231682670599077,0.12577474165059768,0.13432882303093663,10,4.2968031403026545,0.08570195099139882,4.247509676944464,4.341773778156785,10,2.6411143461999016,0.05140034164680636,2.6129408255187445,2.671191026245069
4538,GesturePhaseSegmentationProcessed,10,10,0.7321979252550361,0.016113859443224757,0.7224568376752029,0.7411095352948657,10,0.7019234223554355,0.01953573991497929,0.6898874998164174,0.7125568361447435,10,0.7321979252550361,0.016113859443224757,0.7224568376752029,0.7411095352948657,10,0.7355303577660768,0.021555287052142734,0.7221971679160359,0.7474334860739558,10,0.6851554770989623,0.018669465874065334,0.6736110306295204,0.6951452696473931,10,0.9256905629310725,0.007194515081376791,0.9210390621905433,0.9295115666361271,10,0.7317147388242352,0.027917635903333304,0.7170042504064548,0.7499316953134509,10,3.829611704294803,0.2762852196153707,3.681229834021215,4.00373378265067,10,2.3780409448954742,0.017370653009380004,2.3698859593590895,2.3896747005418004
6332,cylinder-bands,10,10,0.8222222222222223,0.06829292190587324,0.7851388888888888,0.8629629629629629,10,0.8103222035075911,0.07631627968588159,0.7681782650533268,0.854682471473143,10,0.8222222222222223,0.06829292190587324,0.7851388888888888,0.8629629629629629,10,0.830672994559411,0.06562298846244893,0.7945005528089651,0.8707278938121381,10,0.8059151074206298,0.07568151476781632,0.7640666239002932,0.8502387578892004,10,0.9166796825194442,0.04490666047369149,0.8921693110098177,0.9425240660461558,10,0.3631806556702114,0.09931312429698509,0.3063598310044646,0.41723153357102083,10,3.958826168591622,0.2776223699374273,3.7735314175368693,4.102186182972074,10,0.29093114110291934,0.01431672789237276,0.28262698641221506,0.2987765788730758
23381,dresses-sales,10,10,0.594,0.061137368096588665,0.558,0.6299999999999999,10,0.5347538293699589,0.06746394463942396,0.4970275795268342,0.5777172151665927,10,0.594,0.061137368096588665,0.558,0.6299999999999999,10,0.5761051409429842,0.08094263398079111,0.5293358205241276,0.6236031765134731,10,0.5521346469622331,0.06109616329810955,0.5161658456486043,0.589987684729064,10,0.5829228243021346,0.09004787973471186,0.532179802955665,0.6354679802955665,10,0.6918306556969076,0.04982641393850644,0.662852810086003,0.7207550925800494,10,3.7152888309035914,0.26201318537160523,3.564833448713616,3.873987782766635,10,0.21748991910717447,0.016555369468945123,0.20830845605014472,0.22810644390119703
40670,dna,10,10,0.938791624770805,0.012320007013458666,0.9315607933597525,0.9460461150213915,10,0.9314692887919811,0.015079990447052993,0.9225515591456049,0.9401533188484419,10,0.938791624770805,0.012320007013458666,0.9315607933597525,0.9460461150213915,10,0.9397173755002142,0.015275567784714518,0.9303199547768155,0.9480732675812324,10,0.9258895275794451,0.016779908171199013,0.9157244123452113,0.9359359133961225,10,0.9915200546623254,0.003267037073968801,0.9896136372861977,0.9935239304138523,10,0.21075243677434607,0.013819567918649491,0.20228234149468433,0.21854938005333235,10,4.025257262808736,0.1264358340860682,3.9458798906259474,4.09372131985685,10,2.75380355269881,0.056990352196876884,2.731532590937422,2.791052932230086
40701,churn,10,10,0.9533999999999999,0.006397916327472046,0.9494,0.9569999999999999,10,0.8964467359292001,0.015593498914335206,0.8867290821937206,0.905171866272368,10,0.9533999999999999,0.006397916327472046,0.9494,0.9569999999999999,10,0.9316913524356902,0.012505757595650773,0.9247802001152668,0.9393399212003122,10,0.8688746006695564,0.019754482848940165,0.8559192894805815,0.880370365931699,10,0.9216172016104869,0.01943824003476837,0.9102611826976386,0.9330337667150516,10,0.15661504206885776,0.016332137793871992,0.14727123494628885,0.16644502911617087,10,3.2829538105928804,0.18045569173797144,3.181075745924172,3.3953363370758596,10,0.9338176543998997,0.018829309327212523,0.9253064852705575,0.9465730589385203
40966,MiceProtein,10,10,0.999074074074074,0.002928034870526255,0.9972222222222221,1.0,10,0.9991379310344828,0.0027261014311796253,0.9974137931034482,1.0,10,0.999074074074074,0.002928034870526255,0.9972222222222221,1.0,10,0.9991666666666668,0.002635231383473605,0.9974999999999999,1.0,10,0.9991666666666668,0.002635231383473605,0.9974999999999999,1.0,10,1.0,0.0,1.0,1.0,10,0.006065689211162321,0.008151058638236158,0.0024677583356407687,0.011352046085247739,10,4.149821246991633,0.08049729694510224,4.102893084124516,4.195354054672207,10,0.5678168577956967,0.016884371539269298,0.5594592681369976,0.5788842718294472
40975,car,10,10,0.987854550342788,0.007914942193462938,0.9832302728861407,0.9919007931173545,10,0.9752493008118176,0.024377782606649016,0.9598322876409532,0.9878690801660976,10,0.987854550342788,0.007914942193462938,0.9832302728861407,0.9919007931173545,10,0.9709890152447471,0.030257340921186104,0.9516262032070245,0.9872992610114074,10,0.9819901788801311,0.019202100007961888,0.9699257222044305,0.9921839354823804,10,0.9996203315620992,0.00031329559891144767,0.999421692014291,0.9997844971877524,10,0.038092212355192195,0.00998767126783812,0.03273514891200616,0.04429027119627321,10,3.1264991000993176,0.1218087039783182,3.056686856477463,3.1972951191039463,10,0.28877853480516935,0.0031886191668174585,0.2869686501285469,0.29068319069207066
40979,mfeat-pixel,10,10,0.9804999999999999,0.0064334196885396,0.977,0.9845,10,0.9805094608002183,0.0064490160083203124,0.9769852022175514,0.9845268972736722,10,0.9804999999999999,0.0064334196885396,0.977,0.9845,10,0.9813348143084986,0.00621425946988121,0.9778858623832307,0.9852902511961722,10,0.9804999999999999,0.0064334196885396,0.977,0.9845,10,0.9996833333333333,0.00030490953030940996,0.9994916666666667,0.999836111111111,10,0.06949017864941158,0.01694560006360254,0.059618345613849405,0.07887205347933035,10,3.6031170265050605,0.22676065675709656,3.4528555234754457,3.723934936785663,10,2.168287497392157,0.0070030324982054285,2.1639934336487205,2.172415321096487
40982,steel-plates-fault,10,10,0.7898017446471055,0.030013440992685946,0.7703223632038064,0.8068221649484536,10,0.8080737210782252,0.03580232695970226,0.7846034893153635,0.8290743740141199,10,0.7898017446471055,0.030013440992685946,0.7703223632038064,0.8068221649484536,10,0.8236535527959704,0.0379304779206084,0.8000240470685689,0.8466225978045707,10,0.8039307068483825,0.030512283252985162,0.7843224421522388,0.8214836243198602,10,0.9642453205241495,0.005369148568973808,0.9611448453225906,0.967357643140462,10,0.5290776113984176,0.05550434612397575,0.49733820494512265,0.5621268227566918,10,4.094799241091823,0.12430259031869202,4.019883825666766,4.16286600499312,10,0.472355126804905,0.021444957197460437,0.4616549712551932,0.48531049366123624
40983,wilt,10,10,0.989048303475181,0.0042494543517444475,0.9863636363636366,0.9913260997895387,10,0.9459703794270842,0.02227577488224023,0.932459266673337,0.9581286439039234,10,0.989048303475181,0.0042494543517444475,0.9863636363636366,0.9913260997895387,10,0.9461767682494264,0.021089347898116156,0.9345384243123696,0.9592029981499378,10,0.9471938963503945,0.03416658554154819,0.9278216145996034,0.9665317038409367,10,0.9960321694517085,0.0046370245942647485,0.9929458159930947,0.9981233180237508,10,0.03318949014260401,0.012712889110980332,0.026236007665623454,0.04152303081584437,10,3.1877358339901547,0.16408649793808947,3.094289676015178,3.2930181560650817,10,0.41486963361385276,0.009538264590827973,0.4101165435167786,0.42107181286919515
40984,segment,10,10,0.9402597402597402,0.016803378502752795,0.9303030303030303,0.9493614718614719,10,0.9402627353253153,0.016825953295315915,0.930021202329942,0.9495148688674135,10,0.9402597402597402,0.016803378502752795,0.9303030303030303,0.9493614718614719,10,0.9421851686603582,0.016947460397826682,0.9316146763234655,0.9517334473946686,10,0.9402597402597402,0.016803378502752844,0.9303030303030303,0.9493614718614721,10,0.9964712055621145,0.0012390778090238222,0.9957623857623857,0.9971797520661156,10,0.14971194818040123,0.03453208751403166,0.13137793266782752,0.17170104933114755,10,3.1269167102058417,0.1762467229265318,3.019270632774423,3.216421873043,10,0.41805350280483256,0.0037884959293152313,0.4159958764628391,0.42038825690629894
40994,climate-model-simulation-crashes,10,10,0.9462962962962962,0.02037972101138163,0.9351851851851851,0.9592592592592591,10,0.7788766599349011,0.09559887743695383,0.7248528434145937,0.8372829043408542,10,0.9462962962962962,0.02037972101138163,0.9351851851851851,0.9592592592592591,10,0.9059490594496143,0.0944860538007552,0.8470498082614759,0.9566442307692309,10,0.7374795918367346,0.09904091479982939,0.680466581632653,0.7974801020408163,10,0.952908163265306,0.044755604306088694,0.9260522959183674,0.9759048469387754,10,0.1403312491933788,0.055238969283445793,0.10827493617271683,0.17314518426830006,10,3.614516893198015,0.4822933892725692,3.3456628826080124,3.8846160405276167,10,0.23053805509698572,0.014099990096619056,0.2228335972025525,0.23866764231483098
41027,jungle_chess_2pcs_raw_endgame_complete,10,10,0.8550168837217502,0.0053699065385834095,0.8515617228516337,0.8580330043424959,10,0.8026123022247408,0.007842634355894757,0.7980674966798791,0.8070922952529742,10,0.8550168837217502,0.0053699065385834095,0.8515617228516337,0.8580330043424959,10,0.8164826671325619,0.008456553037073579,0.8115633246220663,0.8214084348183235,10,0.7912809984559808,0.007795822268106367,0.7867673679031252,0.7957407187846454,10,0.9750373845424235,0.001849008570716727,0.9738424855404221,0.9761153559205625,10,0.26475967136347756,0.00775274077631707,0.26015032866354226,0.2696041632198097,10,3.6778784823080057,0.2355847142646171,3.5335365119871858,3.822500364846201,10,12.241678983403835,0.06948982570312451,12.196974345036287,12.279584012925042
