dataset,group,n,acc_sa_global,acc_ea_global,nll_sa_global,nll_ea_global,mean_ptrue_sa,mean_ptrue_ea,mean_neff_sa,mean_neff_ea,mean_purity_sa,mean_purity_ea,n_eff_sa_global,n_eff_ea_full_global,n_eff_ea_row_global,n_eff_ea_icl_global,pur_sa_top1_global,pur_sa_topk_global,pur_ea_full_top1_global,pur_ea_full_topk_global,pur_ea_row_top1_global,pur_ea_row_topk_global,pur_ea_icl_top1_global,pur_ea_icl_topk_global,ea_strength,n_estimators,seed,sa_checkpoint,ea_checkpoint
cmc,SA_only,16,0.5610859728506787,0.5520361990950227,0.8839736029601707,0.8835240190365335,0.419259250164032,0.376497745513916,719.8456420898438,716.1995849609375,0.375,0.32499999999999996,575.5072021484375,633.461669921875,307.6510314941406,740.2144775390625,0.24434389140271492,0.28009049773755657,0.3552036199095023,0.3592760180995475,0.41855203619909503,0.4434389140271493,0.21040723981900453,0.2574660633484163,1.0,4,42,/dss/dsshome1/0E/ra63pux2/Documents/thesis/code/tabicl-lfs/checkpoints_mini_tabicl_stage2_sa/step-1000.ckpt,/dss/dsshome1/0E/ra63pux2/Documents/thesis/code/tabicl-lfs/checkpoints_mini_tabicl_stage2_ea/step-1000_ea.ckpt
cmc,EA_only,12,0.5610859728506787,0.5520361990950227,0.8839736029601707,0.8835240190365335,0.38606691360473633,0.4401329457759857,741.8847045898438,769.4038696289062,0.3166666666666667,0.3333333333333333,575.5072021484375,633.461669921875,307.6510314941406,740.2144775390625,0.24434389140271492,0.28009049773755657,0.3552036199095023,0.3592760180995475,0.41855203619909503,0.4434389140271493,0.21040723981900453,0.2574660633484163,1.0,4,42,/dss/dsshome1/0E/ra63pux2/Documents/thesis/code/tabicl-lfs/checkpoints_mini_tabicl_stage2_sa/step-1000.ckpt,/dss/dsshome1/0E/ra63pux2/Documents/thesis/code/tabicl-lfs/checkpoints_mini_tabicl_stage2_ea/step-1000_ea.ckpt
cmc,both_correct,232,0.5610859728506787,0.5520361990950227,0.8839736029601707,0.8835240190365335,0.6451096534729004,0.653490424156189,518.8004150390625,604.3006591796875,0.2,0.36034482758620695,575.5072021484375,633.461669921875,307.6510314941406,740.2144775390625,0.24434389140271492,0.28009049773755657,0.3552036199095023,0.3592760180995475,0.41855203619909503,0.4434389140271493,0.21040723981900453,0.2574660633484163,1.0,4,42,/dss/dsshome1/0E/ra63pux2/Documents/thesis/code/tabicl-lfs/checkpoints_mini_tabicl_stage2_sa/step-1000.ckpt,/dss/dsshome1/0E/ra63pux2/Documents/thesis/code/tabicl-lfs/checkpoints_mini_tabicl_stage2_ea/step-1000_ea.ckpt
cmc,both_wrong,182,0.5610859728506787,0.5520361990950227,0.8839736029601707,0.8835240190365335,0.27172961831092834,0.26726263761520386,624.1337280273438,654.3970947265625,0.3714285714285714,0.3626373626373626,575.5072021484375,633.461669921875,307.6510314941406,740.2144775390625,0.24434389140271492,0.28009049773755657,0.3552036199095023,0.3592760180995475,0.41855203619909503,0.4434389140271493,0.21040723981900453,0.2574660633484163,1.0,4,42,/dss/dsshome1/0E/ra63pux2/Documents/thesis/code/tabicl-lfs/checkpoints_mini_tabicl_stage2_sa/step-1000.ckpt,/dss/dsshome1/0E/ra63pux2/Documents/thesis/code/tabicl-lfs/checkpoints_mini_tabicl_stage2_ea/step-1000_ea.ckpt
tae,SA_only,2,0.5869565217391305,0.5652173913043478,1.2894455879074032,1.5601624250521877,0.542608916759491,0.3807879090309143,48.67213439941406,64.32286834716797,0.2,0.5,49.65843200683594,65.70970153808594,26.922382354736328,86.41011810302734,0.21739130434782608,0.3782608695652174,0.391304347826087,0.4565217391304347,0.45652173913043476,0.5217391304347828,0.2608695652173913,0.2869565217391304,1.0,4,42,/dss/dsshome1/0E/ra63pux2/Documents/thesis/code/tabicl-lfs/checkpoints_mini_tabicl_stage2_sa/step-1000.ckpt,/dss/dsshome1/0E/ra63pux2/Documents/thesis/code/tabicl-lfs/checkpoints_mini_tabicl_stage2_ea/step-1000_ea.ckpt
tae,EA_only,1,0.5869565217391305,0.5652173913043478,1.2894455879074032,1.5601624250521877,0.24528181552886963,0.5657994747161865,66.47782897949219,63.904090881347656,0.2,0.6,49.65843200683594,65.70970153808594,26.922382354736328,86.41011810302734,0.21739130434782608,0.3782608695652174,0.391304347826087,0.4565217391304347,0.45652173913043476,0.5217391304347828,0.2608695652173913,0.2869565217391304,1.0,4,42,/dss/dsshome1/0E/ra63pux2/Documents/thesis/code/tabicl-lfs/checkpoints_mini_tabicl_stage2_sa/step-1000.ckpt,/dss/dsshome1/0E/ra63pux2/Documents/thesis/code/tabicl-lfs/checkpoints_mini_tabicl_stage2_ea/step-1000_ea.ckpt
tae,both_correct,25,0.5869565217391305,0.5652173913043478,1.2894455879074032,1.5601624250521877,0.8899824023246765,0.9135688543319702,42.84004211425781,64.82241821289062,0.4640000000000001,0.568,49.65843200683594,65.70970153808594,26.922382354736328,86.41011810302734,0.21739130434782608,0.3782608695652174,0.391304347826087,0.4565217391304347,0.45652173913043476,0.5217391304347828,0.2608695652173913,0.2869565217391304,1.0,4,42,/dss/dsshome1/0E/ra63pux2/Documents/thesis/code/tabicl-lfs/checkpoints_mini_tabicl_stage2_sa/step-1000.ckpt,/dss/dsshome1/0E/ra63pux2/Documents/thesis/code/tabicl-lfs/checkpoints_mini_tabicl_stage2_ea/step-1000_ea.ckpt
tae,both_wrong,18,0.5869565217391305,0.5652173913043478,1.2894455879074032,1.5601624250521877,0.1724265217781067,0.11658428609371185,58.30360412597656,67.19644165039062,0.288888888888889,0.288888888888889,49.65843200683594,65.70970153808594,26.922382354736328,86.41011810302734,0.21739130434782608,0.3782608695652174,0.391304347826087,0.4565217391304347,0.45652173913043476,0.5217391304347828,0.2608695652173913,0.2869565217391304,1.0,4,42,/dss/dsshome1/0E/ra63pux2/Documents/thesis/code/tabicl-lfs/checkpoints_mini_tabicl_stage2_sa/step-1000.ckpt,/dss/dsshome1/0E/ra63pux2/Documents/thesis/code/tabicl-lfs/checkpoints_mini_tabicl_stage2_ea/step-1000_ea.ckpt
pm10,SA_only,9,0.64,0.6266666666666667,0.6371360178095009,0.6882357494445602,0.5557714104652405,0.41548609733581543,325.7940979003906,294.4525146484375,0.4888888888888888,0.6888888888888888,304.73931884765625,286.4313659667969,72.67500305175781,315.875,0.48,0.47866666666666674,0.42,0.4826666666666667,0.48,0.5373333333333333,0.5066666666666667,0.5026666666666667,1.0,4,42,/dss/dsshome1/0E/ra63pux2/Documents/thesis/code/tabicl-lfs/checkpoints_mini_tabicl_stage2_sa/step-1000.ckpt,/dss/dsshome1/0E/ra63pux2/Documents/thesis/code/tabicl-lfs/checkpoints_mini_tabicl_stage2_ea/step-1000_ea.ckpt
pm10,EA_only,7,0.64,0.6266666666666667,0.6371360178095009,0.6882357494445602,0.4419457018375397,0.5943967700004578,320.1847839355469,294.6456604003906,0.5714285714285714,0.2571428571428572,304.73931884765625,286.4313659667969,72.67500305175781,315.875,0.48,0.47866666666666674,0.42,0.4826666666666667,0.48,0.5373333333333333,0.5066666666666667,0.5026666666666667,1.0,4,42,/dss/dsshome1/0E/ra63pux2/Documents/thesis/code/tabicl-lfs/checkpoints_mini_tabicl_stage2_sa/step-1000.ckpt,/dss/dsshome1/0E/ra63pux2/Documents/thesis/code/tabicl-lfs/checkpoints_mini_tabicl_stage2_ea/step-1000_ea.ckpt
pm10,both_correct,87,0.64,0.6266666666666667,0.6371360178095009,0.6882357494445602,0.6947678923606873,0.798043429851532,298.9393310546875,284.206298828125,0.3862068965517241,0.4597701149425287,304.73931884765625,286.4313659667969,72.67500305175781,315.875,0.48,0.47866666666666674,0.42,0.4826666666666667,0.48,0.5373333333333333,0.5066666666666667,0.5026666666666667,1.0,4,42,/dss/dsshome1/0E/ra63pux2/Documents/thesis/code/tabicl-lfs/checkpoints_mini_tabicl_stage2_sa/step-1000.ckpt,/dss/dsshome1/0E/ra63pux2/Documents/thesis/code/tabicl-lfs/checkpoints_mini_tabicl_stage2_ea/step-1000_ea.ckpt
pm10,both_wrong,47,0.64,0.6266666666666667,0.6371360178095009,0.6882357494445602,0.34669092297554016,0.26043808460235596,309.14337158203125,287.79071044921875,0.6340425531914894,0.5191489361702126,304.73931884765625,286.4313659667969,72.67500305175781,315.875,0.48,0.47866666666666674,0.42,0.4826666666666667,0.48,0.5373333333333333,0.5066666666666667,0.5026666666666667,1.0,4,42,/dss/dsshome1/0E/ra63pux2/Documents/thesis/code/tabicl-lfs/checkpoints_mini_tabicl_stage2_sa/step-1000.ckpt,/dss/dsshome1/0E/ra63pux2/Documents/thesis/code/tabicl-lfs/checkpoints_mini_tabicl_stage2_ea/step-1000_ea.ckpt
chscase_census5,SA_only,6,0.49166666666666664,0.49166666666666664,0.739217859438362,0.9501023582498097,0.5302723050117493,0.4021861255168915,264.6378479003906,215.05943298339844,0.19999999999999998,0.3333333333333333,258.4901123046875,210.60928344726562,152.27154541015625,262.02313232421875,0.49166666666666664,0.47000000000000003,0.475,0.4683333333333334,0.5,0.4516666666666667,0.5166666666666667,0.515,1.0,4,42,/dss/dsshome1/0E/ra63pux2/Documents/thesis/code/tabicl-lfs/checkpoints_mini_tabicl_stage2_sa/step-1000.ckpt,/dss/dsshome1/0E/ra63pux2/Documents/thesis/code/tabicl-lfs/checkpoints_mini_tabicl_stage2_ea/step-1000_ea.ckpt
chscase_census5,EA_only,6,0.49166666666666664,0.49166666666666664,0.739217859438362,0.9501023582498097,0.4677875339984894,0.6430483460426331,265.4619445800781,209.51585388183594,0.3666666666666667,0.4000000000000001,258.4901123046875,210.60928344726562,152.27154541015625,262.02313232421875,0.49166666666666664,0.47000000000000003,0.475,0.4683333333333334,0.5,0.4516666666666667,0.5166666666666667,0.515,1.0,4,42,/dss/dsshome1/0E/ra63pux2/Documents/thesis/code/tabicl-lfs/checkpoints_mini_tabicl_stage2_sa/step-1000.ckpt,/dss/dsshome1/0E/ra63pux2/Documents/thesis/code/tabicl-lfs/checkpoints_mini_tabicl_stage2_ea/step-1000_ea.ckpt
chscase_census5,both_correct,53,0.49166666666666664,0.49166666666666664,0.739217859438362,0.9501023582498097,0.617264449596405,0.7358276844024658,257.8490295410156,211.073974609375,0.45660377358490567,0.8226415094339623,258.4901123046875,210.60928344726562,152.27154541015625,262.02313232421875,0.49166666666666664,0.47000000000000003,0.475,0.4683333333333334,0.5,0.4516666666666667,0.5166666666666667,0.515,1.0,4,42,/dss/dsshome1/0E/ra63pux2/Documents/thesis/code/tabicl-lfs/checkpoints_mini_tabicl_stage2_sa/step-1000.ckpt,/dss/dsshome1/0E/ra63pux2/Documents/thesis/code/tabicl-lfs/checkpoints_mini_tabicl_stage2_ea/step-1000_ea.ckpt
chscase_census5,both_wrong,55,0.49166666666666664,0.49166666666666664,0.739217859438362,0.9501023582498097,0.3808561861515045,0.2412884682416916,257.6766357421875,209.79531860351562,0.5236363636363637,0.1490909090909091,258.4901123046875,210.60928344726562,152.27154541015625,262.02313232421875,0.49166666666666664,0.47000000000000003,0.475,0.4683333333333334,0.5,0.4516666666666667,0.5166666666666667,0.515,1.0,4,42,/dss/dsshome1/0E/ra63pux2/Documents/thesis/code/tabicl-lfs/checkpoints_mini_tabicl_stage2_sa/step-1000.ckpt,/dss/dsshome1/0E/ra63pux2/Documents/thesis/code/tabicl-lfs/checkpoints_mini_tabicl_stage2_ea/step-1000_ea.ckpt
mushroom,SA_only,0,1.0,1.0,1.970370036136498e-05,5.210830891767895e-05,,,,,,,2534.86865234375,3263.031494140625,2364.893310546875,3565.8564453125,0.5955701394585726,0.7981952420016407,0.01435602953240361,0.263084495488105,0.9819524200164069,0.9922887612797374,0.0406070549630845,0.28310090237899915,1.0,4,42,/dss/dsshome1/0E/ra63pux2/Documents/thesis/code/tabicl-lfs/checkpoints_mini_tabicl_stage2_sa/step-1000.ckpt,/dss/dsshome1/0E/ra63pux2/Documents/thesis/code/tabicl-lfs/checkpoints_mini_tabicl_stage2_ea/step-1000_ea.ckpt
mushroom,EA_only,0,1.0,1.0,1.970370036136498e-05,5.210830891767895e-05,,,,,,,2534.86865234375,3263.031494140625,2364.893310546875,3565.8564453125,0.5955701394585726,0.7981952420016407,0.01435602953240361,0.263084495488105,0.9819524200164069,0.9922887612797374,0.0406070549630845,0.28310090237899915,1.0,4,42,/dss/dsshome1/0E/ra63pux2/Documents/thesis/code/tabicl-lfs/checkpoints_mini_tabicl_stage2_sa/step-1000.ckpt,/dss/dsshome1/0E/ra63pux2/Documents/thesis/code/tabicl-lfs/checkpoints_mini_tabicl_stage2_ea/step-1000_ea.ckpt
mushroom,both_correct,2438,1.0,1.0,1.970370036136498e-05,5.210830891767895e-05,0.9999803900718689,0.9999480247497559,2534.86865234375,3263.031494140625,0.7981952420016407,0.263084495488105,2534.86865234375,3263.031494140625,2364.893310546875,3565.8564453125,0.5955701394585726,0.7981952420016407,0.01435602953240361,0.263084495488105,0.9819524200164069,0.9922887612797374,0.0406070549630845,0.28310090237899915,1.0,4,42,/dss/dsshome1/0E/ra63pux2/Documents/thesis/code/tabicl-lfs/checkpoints_mini_tabicl_stage2_sa/step-1000.ckpt,/dss/dsshome1/0E/ra63pux2/Documents/thesis/code/tabicl-lfs/checkpoints_mini_tabicl_stage2_ea/step-1000_ea.ckpt
mushroom,both_wrong,0,1.0,1.0,1.970370036136498e-05,5.210830891767895e-05,,,,,,,2534.86865234375,3263.031494140625,2364.893310546875,3565.8564453125,0.5955701394585726,0.7981952420016407,0.01435602953240361,0.263084495488105,0.9819524200164069,0.9922887612797374,0.0406070549630845,0.28310090237899915,1.0,4,42,/dss/dsshome1/0E/ra63pux2/Documents/thesis/code/tabicl-lfs/checkpoints_mini_tabicl_stage2_sa/step-1000.ckpt,/dss/dsshome1/0E/ra63pux2/Documents/thesis/code/tabicl-lfs/checkpoints_mini_tabicl_stage2_ea/step-1000_ea.ckpt
climate-model-simulation-crashes,SA_only,0,0.9259259259259259,0.9382716049382716,0.2127865929449501,0.24135632987839228,,,,,,,301.7835693359375,364.4751281738281,333.8224792480469,347.42486572265625,0.9012345679012346,0.9086419753086419,0.9444444444444444,0.9444444444444444,0.9506172839506173,0.9469135802469136,0.8827160493827161,0.8814814814814815,1.0,4,42,/dss/dsshome1/0E/ra63pux2/Documents/thesis/code/tabicl-lfs/checkpoints_mini_tabicl_stage2_sa/step-1000.ckpt,/dss/dsshome1/0E/ra63pux2/Documents/thesis/code/tabicl-lfs/checkpoints_mini_tabicl_stage2_ea/step-1000_ea.ckpt
climate-model-simulation-crashes,EA_only,2,0.9259259259259259,0.9382716049382716,0.2127865929449501,0.24135632987839228,0.3685656189918518,0.6364613771438599,126.86177062988281,279.6075439453125,0.7,1.0,301.7835693359375,364.4751281738281,333.8224792480469,347.42486572265625,0.9012345679012346,0.9086419753086419,0.9444444444444444,0.9444444444444444,0.9506172839506173,0.9469135802469136,0.8827160493827161,0.8814814814814815,1.0,4,42,/dss/dsshome1/0E/ra63pux2/Documents/thesis/code/tabicl-lfs/checkpoints_mini_tabicl_stage2_sa/step-1000.ckpt,/dss/dsshome1/0E/ra63pux2/Documents/thesis/code/tabicl-lfs/checkpoints_mini_tabicl_stage2_ea/step-1000_ea.ckpt
climate-model-simulation-crashes,both_correct,150,0.9259259259259259,0.9382716049382716,0.2127865929449501,0.24135632987839228,0.9797070026397705,0.9882931709289551,306.3318786621094,365.732666015625,0.9546666666666666,0.9786666666666668,301.7835693359375,364.4751281738281,333.8224792480469,347.42486572265625,0.9012345679012346,0.9086419753086419,0.9444444444444444,0.9444444444444444,0.9506172839506173,0.9469135802469136,0.8827160493827161,0.8814814814814815,1.0,4,42,/dss/dsshome1/0E/ra63pux2/Documents/thesis/code/tabicl-lfs/checkpoints_mini_tabicl_stage2_sa/step-1000.ckpt,/dss/dsshome1/0E/ra63pux2/Documents/thesis/code/tabicl-lfs/checkpoints_mini_tabicl_stage2_ea/step-1000_ea.ckpt
climate-model-simulation-crashes,both_wrong,10,0.9259259259259259,0.9382716049382716,0.2127865929449501,0.24135632987839228,0.09092532098293304,0.100442074239254,268.5433044433594,362.58575439453125,0.26000000000000006,0.42000000000000004,301.7835693359375,364.4751281738281,333.8224792480469,347.42486572265625,0.9012345679012346,0.9086419753086419,0.9444444444444444,0.9444444444444444,0.9506172839506173,0.9469135802469136,0.8827160493827161,0.8814814814814815,1.0,4,42,/dss/dsshome1/0E/ra63pux2/Documents/thesis/code/tabicl-lfs/checkpoints_mini_tabicl_stage2_sa/step-1000.ckpt,/dss/dsshome1/0E/ra63pux2/Documents/thesis/code/tabicl-lfs/checkpoints_mini_tabicl_stage2_ea/step-1000_ea.ckpt
kc2,SA_only,3,0.8343949044585988,0.821656050955414,0.47969441510443933,0.5011436555448765,0.57015460729599,0.4545903205871582,182.97027587890625,193.64306640625,0.20000000000000004,1.0,186.2093963623047,251.23646545410156,152.09408569335938,260.3444519042969,0.21019108280254778,0.2535031847133758,0.34394904458598724,0.43312101910828027,0.2929936305732484,0.5681528662420382,0.3503184713375796,0.4140127388535032,1.0,4,42,/dss/dsshome1/0E/ra63pux2/Documents/thesis/code/tabicl-lfs/checkpoints_mini_tabicl_stage2_sa/step-1000.ckpt,/dss/dsshome1/0E/ra63pux2/Documents/thesis/code/tabicl-lfs/checkpoints_mini_tabicl_stage2_ea/step-1000_ea.ckpt
kc2,EA_only,1,0.8343949044585988,0.821656050955414,0.47969441510443933,0.5011436555448765,0.47344085574150085,0.5008139610290527,173.2577667236328,192.4204864501953,0.4,0.0,186.2093963623047,251.23646545410156,152.09408569335938,260.3444519042969,0.21019108280254778,0.2535031847133758,0.34394904458598724,0.43312101910828027,0.2929936305732484,0.5681528662420382,0.3503184713375796,0.4140127388535032,1.0,4,42,/dss/dsshome1/0E/ra63pux2/Documents/thesis/code/tabicl-lfs/checkpoints_mini_tabicl_stage2_sa/step-1000.ckpt,/dss/dsshome1/0E/ra63pux2/Documents/thesis/code/tabicl-lfs/checkpoints_mini_tabicl_stage2_ea/step-1000_ea.ckpt
kc2,both_correct,128,0.8343949044585988,0.821656050955414,0.47969441510443933,0.5011436555448765,0.9143616557121277,0.9201802611351013,186.8243865966797,257.3189697265625,0.17812500000000003,0.3984375,186.2093963623047,251.23646545410156,152.09408569335938,260.3444519042969,0.21019108280254778,0.2535031847133758,0.34394904458598724,0.43312101910828027,0.2929936305732484,0.5681528662420382,0.3503184713375796,0.4140127388535032,1.0,4,42,/dss/dsshome1/0E/ra63pux2/Documents/thesis/code/tabicl-lfs/checkpoints_mini_tabicl_stage2_sa/step-1000.ckpt,/dss/dsshome1/0E/ra63pux2/Documents/thesis/code/tabicl-lfs/checkpoints_mini_tabicl_stage2_ea/step-1000_ea.ckpt
kc2,both_wrong,25,0.8343949044585988,0.821656050955414,0.47969441510443933,0.5011436555448765,0.17632848024368286,0.16244134306907654,183.9674072265625,229.35791015625,0.64,0.56,186.2093963623047,251.23646545410156,152.09408569335938,260.3444519042969,0.21019108280254778,0.2535031847133758,0.34394904458598724,0.43312101910828027,0.2929936305732484,0.5681528662420382,0.3503184713375796,0.4140127388535032,1.0,4,42,/dss/dsshome1/0E/ra63pux2/Documents/thesis/code/tabicl-lfs/checkpoints_mini_tabicl_stage2_sa/step-1000.ckpt,/dss/dsshome1/0E/ra63pux2/Documents/thesis/code/tabicl-lfs/checkpoints_mini_tabicl_stage2_ea/step-1000_ea.ckpt
jm1,SA_only,44,0.8193508879363135,0.8159828536436007,0.43585445483132346,0.43373838728684366,0.5438446402549744,0.460338294506073,1864.9422607421875,3468.222412109375,0.03636363636363637,0.8818181818181817,4011.682861328125,5763.0869140625,4258.81396484375,6189.349609375,0.18830373545621557,0.19105939987752601,0.4608083282302511,0.48695652173913045,0.6139007960808328,0.6136558481322718,0.4464176362522964,0.44047764849969384,1.0,4,42,/dss/dsshome1/0E/ra63pux2/Documents/thesis/code/tabicl-lfs/checkpoints_mini_tabicl_stage2_sa/step-1000.ckpt,/dss/dsshome1/0E/ra63pux2/Documents/thesis/code/tabicl-lfs/checkpoints_mini_tabicl_stage2_ea/step-1000_ea.ckpt
jm1,EA_only,33,0.8193508879363135,0.8159828536436007,0.43585445483132346,0.43373838728684366,0.4454852342605591,0.5606117844581604,2208.946533203125,3802.199951171875,0.9515151515151514,0.08484848484848484,4011.682861328125,5763.0869140625,4258.81396484375,6189.349609375,0.18830373545621557,0.19105939987752601,0.4608083282302511,0.48695652173913045,0.6139007960808328,0.6136558481322718,0.4464176362522964,0.44047764849969384,1.0,4,42,/dss/dsshome1/0E/ra63pux2/Documents/thesis/code/tabicl-lfs/checkpoints_mini_tabicl_stage2_sa/step-1000.ckpt,/dss/dsshome1/0E/ra63pux2/Documents/thesis/code/tabicl-lfs/checkpoints_mini_tabicl_stage2_ea/step-1000_ea.ckpt
jm1,both_correct,2632,0.8193508879363135,0.8159828536436007,0.43585445483132346,0.43373838728684366,0.8606962561607361,0.8569376468658447,4089.84814453125,5905.06005859375,0.03145896656534954,0.5204407294832827,4011.682861328125,5763.0869140625,4258.81396484375,6189.349609375,0.18830373545621557,0.19105939987752601,0.4608083282302511,0.48695652173913045,0.6139007960808328,0.6136558481322718,0.4464176362522964,0.44047764849969384,1.0,4,42,/dss/dsshome1/0E/ra63pux2/Documents/thesis/code/tabicl-lfs/checkpoints_mini_tabicl_stage2_sa/step-1000.ckpt,/dss/dsshome1/0E/ra63pux2/Documents/thesis/code/tabicl-lfs/checkpoints_mini_tabicl_stage2_ea/step-1000_ea.ckpt
jm1,both_wrong,557,0.8193508879363135,0.8159828536436007,0.43585445483132346,0.43373838728684366,0.2230377197265625,0.2325705736875534,3918.712646484375,5389.6748046875,0.9123877917414721,0.3213644524236984,4011.682861328125,5763.0869140625,4258.81396484375,6189.349609375,0.18830373545621557,0.19105939987752601,0.4608083282302511,0.48695652173913045,0.6139007960808328,0.6136558481322718,0.4464176362522964,0.44047764849969384,1.0,4,42,/dss/dsshome1/0E/ra63pux2/Documents/thesis/code/tabicl-lfs/checkpoints_mini_tabicl_stage2_sa/step-1000.ckpt,/dss/dsshome1/0E/ra63pux2/Documents/thesis/code/tabicl-lfs/checkpoints_mini_tabicl_stage2_ea/step-1000_ea.ckpt
madelon,SA_only,112,0.5897435897435898,0.6294871794871795,0.6720521367879273,0.6388353182474259,0.5435178279876709,0.42394718527793884,1714.421142578125,1601.027099609375,0.6321428571428572,0.5982142857142857,1703.75390625,1585.75927734375,937.5322265625,1674.15771484375,0.5371794871794872,0.5335897435897435,0.5,0.5,0.4987179487179487,0.49897435897435904,0.5,0.5051282051282051,1.0,4,42,/dss/dsshome1/0E/ra63pux2/Documents/thesis/code/tabicl-lfs/checkpoints_mini_tabicl_stage2_sa/step-1000.ckpt,/dss/dsshome1/0E/ra63pux2/Documents/thesis/code/tabicl-lfs/checkpoints_mini_tabicl_stage2_ea/step-1000_ea.ckpt
madelon,EA_only,143,0.5897435897435898,0.6294871794871795,0.6720521367879273,0.6388353182474259,0.4534659683704376,0.5899420380592346,1706.251708984375,1594.0015869140625,0.3160839160839161,0.4965034965034965,1703.75390625,1585.75927734375,937.5322265625,1674.15771484375,0.5371794871794872,0.5335897435897435,0.5,0.5,0.4987179487179487,0.49897435897435904,0.5,0.5051282051282051,1.0,4,42,/dss/dsshome1/0E/ra63pux2/Documents/thesis/code/tabicl-lfs/checkpoints_mini_tabicl_stage2_sa/step-1000.ckpt,/dss/dsshome1/0E/ra63pux2/Documents/thesis/code/tabicl-lfs/checkpoints_mini_tabicl_stage2_ea/step-1000_ea.ckpt
madelon,both_correct,348,0.5897435897435898,0.6294871794871795,0.6720521367879273,0.6388353182474259,0.5681254863739014,0.637453556060791,1693.8529052734375,1574.2083740234375,0.7028735632183907,0.46264367816091956,1703.75390625,1585.75927734375,937.5322265625,1674.15771484375,0.5371794871794872,0.5335897435897435,0.5,0.5,0.4987179487179487,0.49897435897435904,0.5,0.5051282051282051,1.0,4,42,/dss/dsshome1/0E/ra63pux2/Documents/thesis/code/tabicl-lfs/checkpoints_mini_tabicl_stage2_sa/step-1000.ckpt,/dss/dsshome1/0E/ra63pux2/Documents/thesis/code/tabicl-lfs/checkpoints_mini_tabicl_stage2_ea/step-1000_ea.ckpt
madelon,both_wrong,177,0.5897435897435898,0.6294871794871795,0.6720521367879273,0.6388353182474259,0.4444649815559387,0.4034421145915985,1714.4525146484375,1592.14990234375,0.31412429378531076,0.5141242937853108,1703.75390625,1585.75927734375,937.5322265625,1674.15771484375,0.5371794871794872,0.5335897435897435,0.5,0.5,0.4987179487179487,0.49897435897435904,0.5,0.5051282051282051,1.0,4,42,/dss/dsshome1/0E/ra63pux2/Documents/thesis/code/tabicl-lfs/checkpoints_mini_tabicl_stage2_sa/step-1000.ckpt,/dss/dsshome1/0E/ra63pux2/Documents/thesis/code/tabicl-lfs/checkpoints_mini_tabicl_stage2_ea/step-1000_ea.ckpt
pc1,SA_only,3,0.9429429429429429,0.933933933933934,0.164156520713021,0.1614451236933357,0.553505003452301,0.4541548490524292,233.7706298828125,396.8040771484375,0.4000000000000001,0.0,371.489501953125,618.5986938476562,380.5052185058594,644.5958862304688,0.07207207207207207,0.33153153153153153,0.1921921921921922,0.44024024024024033,0.5465465465465466,0.8078078078078078,0.2852852852852853,0.3171171171171171,1.0,4,42,/dss/dsshome1/0E/ra63pux2/Documents/thesis/code/tabicl-lfs/checkpoints_mini_tabicl_stage2_sa/step-1000.ckpt,/dss/dsshome1/0E/ra63pux2/Documents/thesis/code/tabicl-lfs/checkpoints_mini_tabicl_stage2_ea/step-1000_ea.ckpt
pc1,EA_only,0,0.9429429429429429,0.933933933933934,0.164156520713021,0.1614451236933357,,,,,,,371.489501953125,618.5986938476562,380.5052185058594,644.5958862304688,0.07207207207207207,0.33153153153153153,0.1921921921921922,0.44024024024024033,0.5465465465465466,0.8078078078078078,0.2852852852852853,0.3171171171171171,1.0,4,42,/dss/dsshome1/0E/ra63pux2/Documents/thesis/code/tabicl-lfs/checkpoints_mini_tabicl_stage2_sa/step-1000.ckpt,/dss/dsshome1/0E/ra63pux2/Documents/thesis/code/tabicl-lfs/checkpoints_mini_tabicl_stage2_ea/step-1000_ea.ckpt
pc1,both_correct,311,0.9429429429429429,0.933933933933934,0.164156520713021,0.1614451236933357,0.9626165628433228,0.9598152041435242,377.1098937988281,627.9075317382812,0.2977491961414791,0.45016077170418006,371.489501953125,618.5986938476562,380.5052185058594,644.5958862304688,0.07207207207207207,0.33153153153153153,0.1921921921921922,0.44024024024024033,0.5465465465465466,0.8078078078078078,0.2852852852852853,0.3171171171171171,1.0,4,42,/dss/dsshome1/0E/ra63pux2/Documents/thesis/code/tabicl-lfs/checkpoints_mini_tabicl_stage2_sa/step-1000.ckpt,/dss/dsshome1/0E/ra63pux2/Documents/thesis/code/tabicl-lfs/checkpoints_mini_tabicl_stage2_ea/step-1000_ea.ckpt
pc1,both_wrong,19,0.9429429429429429,0.933933933933934,0.164156520713021,0.1614451236933357,0.19159233570098877,0.20464327931404114,301.2380065917969,501.24810791015625,0.8736842105263158,0.3473684210526316,371.489501953125,618.5986938476562,380.5052185058594,644.5958862304688,0.07207207207207207,0.33153153153153153,0.1921921921921922,0.44024024024024033,0.5465465465465466,0.8078078078078078,0.2852852852852853,0.3171171171171171,1.0,4,42,/dss/dsshome1/0E/ra63pux2/Documents/thesis/code/tabicl-lfs/checkpoints_mini_tabicl_stage2_sa/step-1000.ckpt,/dss/dsshome1/0E/ra63pux2/Documents/thesis/code/tabicl-lfs/checkpoints_mini_tabicl_stage2_ea/step-1000_ea.ckpt
cmc,SA_only,16,0.5610859728506787,0.5520361990950227,0.8839736029601707,0.8835240190365335,0.419259250164032,0.376497745513916,719.8409423828125,716.1964111328125,0.375,0.32499999999999996,575.5089111328125,633.4611206054688,307.6453552246094,740.2151489257812,0.24434389140271492,0.27963800904977376,0.3552036199095023,0.3583710407239819,0.41855203619909503,0.4434389140271493,0.21266968325791855,0.2579185520361991,1.0,4,42,/dss/dsshome1/0E/ra63pux2/Documents/thesis/code/tabicl-lfs/checkpoints_mini_tabicl_stage2_sa/step-1000.ckpt,/dss/dsshome1/0E/ra63pux2/Documents/thesis/code/tabicl-lfs/checkpoints_mini_tabicl_stage2_ea/step-1000_ea.ckpt
cmc,EA_only,12,0.5610859728506787,0.5520361990950227,0.8839736029601707,0.8835240190365335,0.38606691360473633,0.4401329457759857,741.8861694335938,769.4049682617188,0.3166666666666667,0.3333333333333333,575.5089111328125,633.4611206054688,307.6453552246094,740.2151489257812,0.24434389140271492,0.27963800904977376,0.3552036199095023,0.3583710407239819,0.41855203619909503,0.4434389140271493,0.21266968325791855,0.2579185520361991,1.0,4,42,/dss/dsshome1/0E/ra63pux2/Documents/thesis/code/tabicl-lfs/checkpoints_mini_tabicl_stage2_sa/step-1000.ckpt,/dss/dsshome1/0E/ra63pux2/Documents/thesis/code/tabicl-lfs/checkpoints_mini_tabicl_stage2_ea/step-1000_ea.ckpt
cmc,both_correct,232,0.5610859728506787,0.5520361990950227,0.8839736029601707,0.8835240190365335,0.6451096534729004,0.653490424156189,518.8030395507812,604.2994384765625,0.19913793103448277,0.36034482758620695,575.5089111328125,633.4611206054688,307.6453552246094,740.2151489257812,0.24434389140271492,0.27963800904977376,0.3552036199095023,0.3583710407239819,0.41855203619909503,0.4434389140271493,0.21266968325791855,0.2579185520361991,1.0,4,42,/dss/dsshome1/0E/ra63pux2/Documents/thesis/code/tabicl-lfs/checkpoints_mini_tabicl_stage2_sa/step-1000.ckpt,/dss/dsshome1/0E/ra63pux2/Documents/thesis/code/tabicl-lfs/checkpoints_mini_tabicl_stage2_ea/step-1000_ea.ckpt
cmc,both_wrong,182,0.5610859728506787,0.5520361990950227,0.8839736029601707,0.8835240190365335,0.27172961831092834,0.26726263761520386,624.1348876953125,654.3975219726562,0.3714285714285714,0.36043956043956044,575.5089111328125,633.4611206054688,307.6453552246094,740.2151489257812,0.24434389140271492,0.27963800904977376,0.3552036199095023,0.3583710407239819,0.41855203619909503,0.4434389140271493,0.21266968325791855,0.2579185520361991,1.0,4,42,/dss/dsshome1/0E/ra63pux2/Documents/thesis/code/tabicl-lfs/checkpoints_mini_tabicl_stage2_sa/step-1000.ckpt,/dss/dsshome1/0E/ra63pux2/Documents/thesis/code/tabicl-lfs/checkpoints_mini_tabicl_stage2_ea/step-1000_ea.ckpt
tae,SA_only,2,0.5869565217391305,0.5652173913043478,1.2894455879074032,1.5601624250521877,0.542608916759491,0.3807879090309143,48.67418670654297,64.32279205322266,0.2,0.5,49.65773010253906,65.70960998535156,26.921432495117188,86.4108657836914,0.21739130434782608,0.3782608695652174,0.391304347826087,0.4565217391304347,0.45652173913043476,0.5217391304347828,0.2608695652173913,0.2869565217391304,1.0,4,42,/dss/dsshome1/0E/ra63pux2/Documents/thesis/code/tabicl-lfs/checkpoints_mini_tabicl_stage2_sa/step-1000.ckpt,/dss/dsshome1/0E/ra63pux2/Documents/thesis/code/tabicl-lfs/checkpoints_mini_tabicl_stage2_ea/step-1000_ea.ckpt
tae,EA_only,1,0.5869565217391305,0.5652173913043478,1.2894455879074032,1.5601624250521877,0.24528181552886963,0.5657994747161865,66.47624969482422,63.90949249267578,0.2,0.6,49.65773010253906,65.70960998535156,26.921432495117188,86.4108657836914,0.21739130434782608,0.3782608695652174,0.391304347826087,0.4565217391304347,0.45652173913043476,0.5217391304347828,0.2608695652173913,0.2869565217391304,1.0,4,42,/dss/dsshome1/0E/ra63pux2/Documents/thesis/code/tabicl-lfs/checkpoints_mini_tabicl_stage2_sa/step-1000.ckpt,/dss/dsshome1/0E/ra63pux2/Documents/thesis/code/tabicl-lfs/checkpoints_mini_tabicl_stage2_ea/step-1000_ea.ckpt
tae,both_correct,25,0.5869565217391305,0.5652173913043478,1.2894455879074032,1.5601624250521877,0.8899824023246765,0.9135688543319702,42.83832550048828,64.82270812988281,0.4640000000000001,0.568,49.65773010253906,65.70960998535156,26.921432495117188,86.4108657836914,0.21739130434782608,0.3782608695652174,0.391304347826087,0.4565217391304347,0.45652173913043476,0.5217391304347828,0.2608695652173913,0.2869565217391304,1.0,4,42,/dss/dsshome1/0E/ra63pux2/Documents/thesis/code/tabicl-lfs/checkpoints_mini_tabicl_stage2_sa/step-1000.ckpt,/dss/dsshome1/0E/ra63pux2/Documents/thesis/code/tabicl-lfs/checkpoints_mini_tabicl_stage2_ea/step-1000_ea.ckpt
tae,both_wrong,18,0.5869565217391305,0.5652173913043478,1.2894455879074032,1.5601624250521877,0.1724265217781067,0.11658428609371185,58.30404281616211,67.19552612304688,0.288888888888889,0.288888888888889,49.65773010253906,65.70960998535156,26.921432495117188,86.4108657836914,0.21739130434782608,0.3782608695652174,0.391304347826087,0.4565217391304347,0.45652173913043476,0.5217391304347828,0.2608695652173913,0.2869565217391304,1.0,4,42,/dss/dsshome1/0E/ra63pux2/Documents/thesis/code/tabicl-lfs/checkpoints_mini_tabicl_stage2_sa/step-1000.ckpt,/dss/dsshome1/0E/ra63pux2/Documents/thesis/code/tabicl-lfs/checkpoints_mini_tabicl_stage2_ea/step-1000_ea.ckpt
pm10,SA_only,9,0.64,0.6266666666666667,0.6371360178095009,0.6882357494445602,0.5557714104652405,0.41548609733581543,325.79254150390625,294.4525451660156,0.5111111111111111,0.6888888888888888,304.7400817871094,286.4306335449219,72.66942596435547,315.8755798339844,0.48,0.47866666666666663,0.42,0.484,0.48,0.5386666666666666,0.5066666666666667,0.5026666666666667,1.0,4,42,/dss/dsshome1/0E/ra63pux2/Documents/thesis/code/tabicl-lfs/checkpoints_mini_tabicl_stage2_sa/step-1000.ckpt,/dss/dsshome1/0E/ra63pux2/Documents/thesis/code/tabicl-lfs/checkpoints_mini_tabicl_stage2_ea/step-1000_ea.ckpt
pm10,EA_only,7,0.64,0.6266666666666667,0.6371360178095009,0.6882357494445602,0.4419457018375397,0.5943967700004578,320.1829528808594,294.6440124511719,0.5714285714285714,0.2571428571428572,304.7400817871094,286.4306335449219,72.66942596435547,315.8755798339844,0.48,0.47866666666666663,0.42,0.484,0.48,0.5386666666666666,0.5066666666666667,0.5026666666666667,1.0,4,42,/dss/dsshome1/0E/ra63pux2/Documents/thesis/code/tabicl-lfs/checkpoints_mini_tabicl_stage2_sa/step-1000.ckpt,/dss/dsshome1/0E/ra63pux2/Documents/thesis/code/tabicl-lfs/checkpoints_mini_tabicl_stage2_ea/step-1000_ea.ckpt
pm10,both_correct,87,0.64,0.6266666666666667,0.6371360178095009,0.6882357494445602,0.6947678923606873,0.798043429851532,298.9395446777344,284.205322265625,0.3839080459770115,0.4597701149425287,304.7400817871094,286.4306335449219,72.66942596435547,315.8755798339844,0.48,0.47866666666666663,0.42,0.484,0.48,0.5386666666666666,0.5066666666666667,0.5026666666666667,1.0,4,42,/dss/dsshome1/0E/ra63pux2/Documents/thesis/code/tabicl-lfs/checkpoints_mini_tabicl_stage2_sa/step-1000.ckpt,/dss/dsshome1/0E/ra63pux2/Documents/thesis/code/tabicl-lfs/checkpoints_mini_tabicl_stage2_ea/step-1000_ea.ckpt
pm10,both_wrong,47,0.64,0.6266666666666667,0.6371360178095009,0.6882357494445602,0.34669092297554016,0.26043808460235596,309.14593505859375,287.79046630859375,0.6340425531914894,0.5234042553191489,304.7400817871094,286.4306335449219,72.66942596435547,315.8755798339844,0.48,0.47866666666666663,0.42,0.484,0.48,0.5386666666666666,0.5066666666666667,0.5026666666666667,1.0,4,42,/dss/dsshome1/0E/ra63pux2/Documents/thesis/code/tabicl-lfs/checkpoints_mini_tabicl_stage2_sa/step-1000.ckpt,/dss/dsshome1/0E/ra63pux2/Documents/thesis/code/tabicl-lfs/checkpoints_mini_tabicl_stage2_ea/step-1000_ea.ckpt
chscase_census5,SA_only,6,0.49166666666666664,0.49166666666666664,0.739217859438362,0.9501023582498097,0.5302723050117493,0.4021861255168915,264.6417236328125,215.0576171875,0.19999999999999998,0.3333333333333333,258.49041748046875,210.6088104248047,152.27122497558594,262.02313232421875,0.49166666666666664,0.47000000000000003,0.475,0.4683333333333334,0.5,0.4516666666666667,0.5166666666666667,0.515,1.0,4,42,/dss/dsshome1/0E/ra63pux2/Documents/thesis/code/tabicl-lfs/checkpoints_mini_tabicl_stage2_sa/step-1000.ckpt,/dss/dsshome1/0E/ra63pux2/Documents/thesis/code/tabicl-lfs/checkpoints_mini_tabicl_stage2_ea/step-1000_ea.ckpt
chscase_census5,EA_only,6,0.49166666666666664,0.49166666666666664,0.739217859438362,0.9501023582498097,0.4677875339984894,0.6430483460426331,265.46136474609375,209.5174102783203,0.3666666666666667,0.4000000000000001,258.49041748046875,210.6088104248047,152.27122497558594,262.02313232421875,0.49166666666666664,0.47000000000000003,0.475,0.4683333333333334,0.5,0.4516666666666667,0.5166666666666667,0.515,1.0,4,42,/dss/dsshome1/0E/ra63pux2/Documents/thesis/code/tabicl-lfs/checkpoints_mini_tabicl_stage2_sa/step-1000.ckpt,/dss/dsshome1/0E/ra63pux2/Documents/thesis/code/tabicl-lfs/checkpoints_mini_tabicl_stage2_ea/step-1000_ea.ckpt
chscase_census5,both_correct,53,0.49166666666666664,0.49166666666666664,0.739217859438362,0.9501023582498097,0.617264449596405,0.7358276844024658,257.84967041015625,211.0729217529297,0.45660377358490567,0.8226415094339623,258.49041748046875,210.6088104248047,152.27122497558594,262.02313232421875,0.49166666666666664,0.47000000000000003,0.475,0.4683333333333334,0.5,0.4516666666666667,0.5166666666666667,0.515,1.0,4,42,/dss/dsshome1/0E/ra63pux2/Documents/thesis/code/tabicl-lfs/checkpoints_mini_tabicl_stage2_sa/step-1000.ckpt,/dss/dsshome1/0E/ra63pux2/Documents/thesis/code/tabicl-lfs/checkpoints_mini_tabicl_stage2_ea/step-1000_ea.ckpt
chscase_census5,both_wrong,55,0.49166666666666664,0.49166666666666664,0.739217859438362,0.9501023582498097,0.3808561861515045,0.2412884682416916,257.6763916015625,209.7952880859375,0.5236363636363637,0.1490909090909091,258.49041748046875,210.6088104248047,152.27122497558594,262.02313232421875,0.49166666666666664,0.47000000000000003,0.475,0.4683333333333334,0.5,0.4516666666666667,0.5166666666666667,0.515,1.0,4,42,/dss/dsshome1/0E/ra63pux2/Documents/thesis/code/tabicl-lfs/checkpoints_mini_tabicl_stage2_sa/step-1000.ckpt,/dss/dsshome1/0E/ra63pux2/Documents/thesis/code/tabicl-lfs/checkpoints_mini_tabicl_stage2_ea/step-1000_ea.ckpt
mushroom,SA_only,0,1.0,1.0,1.970370036136498e-05,5.210830891767895e-05,,,,,,,2534.86328125,3263.032470703125,2364.89208984375,3565.8583984375,0.5968006562756357,0.7983593109105824,0.01435602953240361,0.26316652994257583,0.9819524200164069,0.9922067268252666,0.04019688269073011,0.28318293683347007,1.0,4,42,/dss/dsshome1/0E/ra63pux2/Documents/thesis/code/tabicl-lfs/checkpoints_mini_tabicl_stage2_sa/step-1000.ckpt,/dss/dsshome1/0E/ra63pux2/Documents/thesis/code/tabicl-lfs/checkpoints_mini_tabicl_stage2_ea/step-1000_ea.ckpt
mushroom,EA_only,0,1.0,1.0,1.970370036136498e-05,5.210830891767895e-05,,,,,,,2534.86328125,3263.032470703125,2364.89208984375,3565.8583984375,0.5968006562756357,0.7983593109105824,0.01435602953240361,0.26316652994257583,0.9819524200164069,0.9922067268252666,0.04019688269073011,0.28318293683347007,1.0,4,42,/dss/dsshome1/0E/ra63pux2/Documents/thesis/code/tabicl-lfs/checkpoints_mini_tabicl_stage2_sa/step-1000.ckpt,/dss/dsshome1/0E/ra63pux2/Documents/thesis/code/tabicl-lfs/checkpoints_mini_tabicl_stage2_ea/step-1000_ea.ckpt
mushroom,both_correct,2438,1.0,1.0,1.970370036136498e-05,5.210830891767895e-05,0.9999803900718689,0.9999480247497559,2534.86328125,3263.032470703125,0.7983593109105824,0.26316652994257583,2534.86328125,3263.032470703125,2364.89208984375,3565.8583984375,0.5968006562756357,0.7983593109105824,0.01435602953240361,0.26316652994257583,0.9819524200164069,0.9922067268252666,0.04019688269073011,0.28318293683347007,1.0,4,42,/dss/dsshome1/0E/ra63pux2/Documents/thesis/code/tabicl-lfs/checkpoints_mini_tabicl_stage2_sa/step-1000.ckpt,/dss/dsshome1/0E/ra63pux2/Documents/thesis/code/tabicl-lfs/checkpoints_mini_tabicl_stage2_ea/step-1000_ea.ckpt
mushroom,both_wrong,0,1.0,1.0,1.970370036136498e-05,5.210830891767895e-05,,,,,,,2534.86328125,3263.032470703125,2364.89208984375,3565.8583984375,0.5968006562756357,0.7983593109105824,0.01435602953240361,0.26316652994257583,0.9819524200164069,0.9922067268252666,0.04019688269073011,0.28318293683347007,1.0,4,42,/dss/dsshome1/0E/ra63pux2/Documents/thesis/code/tabicl-lfs/checkpoints_mini_tabicl_stage2_sa/step-1000.ckpt,/dss/dsshome1/0E/ra63pux2/Documents/thesis/code/tabicl-lfs/checkpoints_mini_tabicl_stage2_ea/step-1000_ea.ckpt
climate-model-simulation-crashes,SA_only,0,0.9259259259259259,0.9382716049382716,0.2127865929449501,0.24135632987839228,,,,,,,301.7827453613281,364.47515869140625,333.8223876953125,347.42498779296875,0.9012345679012346,0.9086419753086419,0.9444444444444444,0.9444444444444444,0.9567901234567902,0.9469135802469136,0.8827160493827161,0.8814814814814815,1.0,4,42,/dss/dsshome1/0E/ra63pux2/Documents/thesis/code/tabicl-lfs/checkpoints_mini_tabicl_stage2_sa/step-1000.ckpt,/dss/dsshome1/0E/ra63pux2/Documents/thesis/code/tabicl-lfs/checkpoints_mini_tabicl_stage2_ea/step-1000_ea.ckpt
climate-model-simulation-crashes,EA_only,2,0.9259259259259259,0.9382716049382716,0.2127865929449501,0.24135632987839228,0.3685656189918518,0.6364613771438599,126.86470031738281,279.60455322265625,0.7,1.0,301.7827453613281,364.47515869140625,333.8223876953125,347.42498779296875,0.9012345679012346,0.9086419753086419,0.9444444444444444,0.9444444444444444,0.9567901234567902,0.9469135802469136,0.8827160493827161,0.8814814814814815,1.0,4,42,/dss/dsshome1/0E/ra63pux2/Documents/thesis/code/tabicl-lfs/checkpoints_mini_tabicl_stage2_sa/step-1000.ckpt,/dss/dsshome1/0E/ra63pux2/Documents/thesis/code/tabicl-lfs/checkpoints_mini_tabicl_stage2_ea/step-1000_ea.ckpt
climate-model-simulation-crashes,both_correct,150,0.9259259259259259,0.9382716049382716,0.2127865929449501,0.24135632987839228,0.9797070026397705,0.9882931709289551,306.33087158203125,365.7327575683594,0.9546666666666666,0.9786666666666668,301.7827453613281,364.47515869140625,333.8223876953125,347.42498779296875,0.9012345679012346,0.9086419753086419,0.9444444444444444,0.9444444444444444,0.9567901234567902,0.9469135802469136,0.8827160493827161,0.8814814814814815,1.0,4,42,/dss/dsshome1/0E/ra63pux2/Documents/thesis/code/tabicl-lfs/checkpoints_mini_tabicl_stage2_sa/step-1000.ckpt,/dss/dsshome1/0E/ra63pux2/Documents/thesis/code/tabicl-lfs/checkpoints_mini_tabicl_stage2_ea/step-1000_ea.ckpt
climate-model-simulation-crashes,both_wrong,10,0.9259259259259259,0.9382716049382716,0.2127865929449501,0.24135632987839228,0.09092532098293304,0.100442074239254,268.54437255859375,362.58514404296875,0.26000000000000006,0.42000000000000004,301.7827453613281,364.47515869140625,333.8223876953125,347.42498779296875,0.9012345679012346,0.9086419753086419,0.9444444444444444,0.9444444444444444,0.9567901234567902,0.9469135802469136,0.8827160493827161,0.8814814814814815,1.0,4,42,/dss/dsshome1/0E/ra63pux2/Documents/thesis/code/tabicl-lfs/checkpoints_mini_tabicl_stage2_sa/step-1000.ckpt,/dss/dsshome1/0E/ra63pux2/Documents/thesis/code/tabicl-lfs/checkpoints_mini_tabicl_stage2_ea/step-1000_ea.ckpt
kc2,SA_only,3,0.8343949044585988,0.821656050955414,0.47969441510443933,0.5011436555448765,0.57015460729599,0.4545903205871582,182.9786834716797,193.6442413330078,0.20000000000000004,1.0,186.19215393066406,251.2381591796875,152.08509826660156,260.3503723144531,0.21019108280254778,0.2535031847133758,0.34394904458598724,0.43312101910828027,0.2929936305732484,0.5681528662420382,0.3503184713375796,0.4140127388535032,1.0,4,42,/dss/dsshome1/0E/ra63pux2/Documents/thesis/code/tabicl-lfs/checkpoints_mini_tabicl_stage2_sa/step-1000.ckpt,/dss/dsshome1/0E/ra63pux2/Documents/thesis/code/tabicl-lfs/checkpoints_mini_tabicl_stage2_ea/step-1000_ea.ckpt
kc2,EA_only,1,0.8343949044585988,0.821656050955414,0.47969441510443933,0.5011436555448765,0.47344085574150085,0.5008139610290527,173.28067016601562,192.42617797851562,0.4,0.0,186.19215393066406,251.2381591796875,152.08509826660156,260.3503723144531,0.21019108280254778,0.2535031847133758,0.34394904458598724,0.43312101910828027,0.2929936305732484,0.5681528662420382,0.3503184713375796,0.4140127388535032,1.0,4,42,/dss/dsshome1/0E/ra63pux2/Documents/thesis/code/tabicl-lfs/checkpoints_mini_tabicl_stage2_sa/step-1000.ckpt,/dss/dsshome1/0E/ra63pux2/Documents/thesis/code/tabicl-lfs/checkpoints_mini_tabicl_stage2_ea/step-1000_ea.ckpt
kc2,both_correct,128,0.8343949044585988,0.821656050955414,0.47969441510443933,0.5011436555448765,0.9143616557121277,0.9201802611351013,186.80447387695312,257.3203430175781,0.17812500000000003,0.3984375,186.19215393066406,251.2381591796875,152.08509826660156,260.3503723144531,0.21019108280254778,0.2535031847133758,0.34394904458598724,0.43312101910828027,0.2929936305732484,0.5681528662420382,0.3503184713375796,0.4140127388535032,1.0,4,42,/dss/dsshome1/0E/ra63pux2/Documents/thesis/code/tabicl-lfs/checkpoints_mini_tabicl_stage2_sa/step-1000.ckpt,/dss/dsshome1/0E/ra63pux2/Documents/thesis/code/tabicl-lfs/checkpoints_mini_tabicl_stage2_ea/step-1000_ea.ckpt
kc2,both_wrong,25,0.8343949044585988,0.821656050955414,0.47969441510443933,0.5011436555448765,0.17632848024368286,0.16244134306907654,183.9590606689453,229.36106872558594,0.64,0.56,186.19215393066406,251.2381591796875,152.08509826660156,260.3503723144531,0.21019108280254778,0.2535031847133758,0.34394904458598724,0.43312101910828027,0.2929936305732484,0.5681528662420382,0.3503184713375796,0.4140127388535032,1.0,4,42,/dss/dsshome1/0E/ra63pux2/Documents/thesis/code/tabicl-lfs/checkpoints_mini_tabicl_stage2_sa/step-1000.ckpt,/dss/dsshome1/0E/ra63pux2/Documents/thesis/code/tabicl-lfs/checkpoints_mini_tabicl_stage2_ea/step-1000_ea.ckpt
jm1,SA_only,44,0.8193508879363135,0.8159828536436007,0.43585445483132346,0.43373838728684366,0.5438446402549744,0.460338294506073,1864.9569091796875,3468.23046875,0.03636363636363637,0.8818181818181817,4011.6435546875,5763.08740234375,4258.79296875,6189.35205078125,0.18830373545621557,0.19112063686466624,0.4605021432945499,0.4870177587262706,0.614206981016534,0.6137783221065524,0.4464176362522964,0.4404776484996938,1.0,4,42,/dss/dsshome1/0E/ra63pux2/Documents/thesis/code/tabicl-lfs/checkpoints_mini_tabicl_stage2_sa/step-1000.ckpt,/dss/dsshome1/0E/ra63pux2/Documents/thesis/code/tabicl-lfs/checkpoints_mini_tabicl_stage2_ea/step-1000_ea.ckpt
jm1,EA_only,33,0.8193508879363135,0.8159828536436007,0.43585445483132346,0.43373838728684366,0.4454852342605591,0.5606117844581604,2208.966552734375,3802.230224609375,0.9515151515151514,0.08484848484848484,4011.6435546875,5763.08740234375,4258.79296875,6189.35205078125,0.18830373545621557,0.19112063686466624,0.4605021432945499,0.4870177587262706,0.614206981016534,0.6137783221065524,0.4464176362522964,0.4404776484996938,1.0,4,42,/dss/dsshome1/0E/ra63pux2/Documents/thesis/code/tabicl-lfs/checkpoints_mini_tabicl_stage2_sa/step-1000.ckpt,/dss/dsshome1/0E/ra63pux2/Documents/thesis/code/tabicl-lfs/checkpoints_mini_tabicl_stage2_ea/step-1000_ea.ckpt
jm1,both_correct,2632,0.8193508879363135,0.8159828536436007,0.43585445483132346,0.43373838728684366,0.8606962561607361,0.8569376468658447,4089.806884765625,5905.05908203125,0.031534954407294834,0.520516717325228,4011.6435546875,5763.08740234375,4258.79296875,6189.35205078125,0.18830373545621557,0.19112063686466624,0.4605021432945499,0.4870177587262706,0.614206981016534,0.6137783221065524,0.4464176362522964,0.4404776484996938,1.0,4,42,/dss/dsshome1/0E/ra63pux2/Documents/thesis/code/tabicl-lfs/checkpoints_mini_tabicl_stage2_sa/step-1000.ckpt,/dss/dsshome1/0E/ra63pux2/Documents/thesis/code/tabicl-lfs/checkpoints_mini_tabicl_stage2_ea/step-1000_ea.ckpt
jm1,both_wrong,557,0.8193508879363135,0.8159828536436007,0.43585445483132346,0.43373838728684366,0.2230377197265625,0.2325705736875534,3918.675048828125,5389.677734375,0.9123877917414721,0.3213644524236984,4011.6435546875,5763.08740234375,4258.79296875,6189.35205078125,0.18830373545621557,0.19112063686466624,0.4605021432945499,0.4870177587262706,0.614206981016534,0.6137783221065524,0.4464176362522964,0.4404776484996938,1.0,4,42,/dss/dsshome1/0E/ra63pux2/Documents/thesis/code/tabicl-lfs/checkpoints_mini_tabicl_stage2_sa/step-1000.ckpt,/dss/dsshome1/0E/ra63pux2/Documents/thesis/code/tabicl-lfs/checkpoints_mini_tabicl_stage2_ea/step-1000_ea.ckpt
madelon,SA_only,112,0.5897435897435898,0.6294871794871795,0.6720521367879273,0.6388353182474259,0.5435178279876709,0.42394718527793884,1714.4210205078125,1601.028076171875,0.6321428571428572,0.5982142857142857,1703.75390625,1585.7603759765625,937.5341186523438,1674.1578369140625,0.5358974358974359,0.5335897435897436,0.5,0.5,0.4987179487179487,0.49897435897435904,0.5,0.5051282051282051,1.0,4,42,/dss/dsshome1/0E/ra63pux2/Documents/thesis/code/tabicl-lfs/checkpoints_mini_tabicl_stage2_sa/step-1000.ckpt,/dss/dsshome1/0E/ra63pux2/Documents/thesis/code/tabicl-lfs/checkpoints_mini_tabicl_stage2_ea/step-1000_ea.ckpt
madelon,EA_only,143,0.5897435897435898,0.6294871794871795,0.6720521367879273,0.6388353182474259,0.4534659683704376,0.5899420380592346,1706.2535400390625,1594.0050048828125,0.3160839160839161,0.4965034965034965,1703.75390625,1585.7603759765625,937.5341186523438,1674.1578369140625,0.5358974358974359,0.5335897435897436,0.5,0.5,0.4987179487179487,0.49897435897435904,0.5,0.5051282051282051,1.0,4,42,/dss/dsshome1/0E/ra63pux2/Documents/thesis/code/tabicl-lfs/checkpoints_mini_tabicl_stage2_sa/step-1000.ckpt,/dss/dsshome1/0E/ra63pux2/Documents/thesis/code/tabicl-lfs/checkpoints_mini_tabicl_stage2_ea/step-1000_ea.ckpt
madelon,both_correct,348,0.5897435897435898,0.6294871794871795,0.6720521367879273,0.6388353182474259,0.5681254863739014,0.637453556060791,1693.8521728515625,1574.208740234375,0.7028735632183908,0.46264367816091956,1703.75390625,1585.7603759765625,937.5341186523438,1674.1578369140625,0.5358974358974359,0.5335897435897436,0.5,0.5,0.4987179487179487,0.49897435897435904,0.5,0.5051282051282051,1.0,4,42,/dss/dsshome1/0E/ra63pux2/Documents/thesis/code/tabicl-lfs/checkpoints_mini_tabicl_stage2_sa/step-1000.ckpt,/dss/dsshome1/0E/ra63pux2/Documents/thesis/code/tabicl-lfs/checkpoints_mini_tabicl_stage2_ea/step-1000_ea.ckpt
madelon,both_wrong,177,0.5897435897435898,0.6294871794871795,0.6720521367879273,0.6388353182474259,0.4444649815559387,0.4034421145915985,1714.45263671875,1592.150634765625,0.31412429378531076,0.5141242937853108,1703.75390625,1585.7603759765625,937.5341186523438,1674.1578369140625,0.5358974358974359,0.5335897435897436,0.5,0.5,0.4987179487179487,0.49897435897435904,0.5,0.5051282051282051,1.0,4,42,/dss/dsshome1/0E/ra63pux2/Documents/thesis/code/tabicl-lfs/checkpoints_mini_tabicl_stage2_sa/step-1000.ckpt,/dss/dsshome1/0E/ra63pux2/Documents/thesis/code/tabicl-lfs/checkpoints_mini_tabicl_stage2_ea/step-1000_ea.ckpt
pc1,SA_only,3,0.9429429429429429,0.933933933933934,0.164156520713021,0.1614451236933357,0.553505003452301,0.4541548490524292,233.7480010986328,396.8187561035156,0.4000000000000001,0.0,371.4878845214844,618.5979614257812,380.503662109375,644.595458984375,0.07207207207207207,0.33153153153153153,0.1921921921921922,0.44024024024024033,0.5435435435435435,0.8078078078078078,0.2852852852852853,0.3171171171171171,1.0,4,42,/dss/dsshome1/0E/ra63pux2/Documents/thesis/code/tabicl-lfs/checkpoints_mini_tabicl_stage2_sa/step-1000.ckpt,/dss/dsshome1/0E/ra63pux2/Documents/thesis/code/tabicl-lfs/checkpoints_mini_tabicl_stage2_ea/step-1000_ea.ckpt
pc1,EA_only,0,0.9429429429429429,0.933933933933934,0.164156520713021,0.1614451236933357,,,,,,,371.4878845214844,618.5979614257812,380.503662109375,644.595458984375,0.07207207207207207,0.33153153153153153,0.1921921921921922,0.44024024024024033,0.5435435435435435,0.8078078078078078,0.2852852852852853,0.3171171171171171,1.0,4,42,/dss/dsshome1/0E/ra63pux2/Documents/thesis/code/tabicl-lfs/checkpoints_mini_tabicl_stage2_sa/step-1000.ckpt,/dss/dsshome1/0E/ra63pux2/Documents/thesis/code/tabicl-lfs/checkpoints_mini_tabicl_stage2_ea/step-1000_ea.ckpt
pc1,both_correct,311,0.9429429429429429,0.933933933933934,0.164156520713021,0.1614451236933357,0.9626165628433228,0.9598152041435242,377.1084899902344,627.9063720703125,0.2977491961414791,0.45016077170418006,371.4878845214844,618.5979614257812,380.503662109375,644.595458984375,0.07207207207207207,0.33153153153153153,0.1921921921921922,0.44024024024024033,0.5435435435435435,0.8078078078078078,0.2852852852852853,0.3171171171171171,1.0,4,42,/dss/dsshome1/0E/ra63pux2/Documents/thesis/code/tabicl-lfs/checkpoints_mini_tabicl_stage2_sa/step-1000.ckpt,/dss/dsshome1/0E/ra63pux2/Documents/thesis/code/tabicl-lfs/checkpoints_mini_tabicl_stage2_ea/step-1000_ea.ckpt
pc1,both_wrong,19,0.9429429429429429,0.933933933933934,0.164156520713021,0.1614451236933357,0.19159233570098877,0.20464327931404114,301.235595703125,501.2513427734375,0.8736842105263158,0.3473684210526316,371.4878845214844,618.5979614257812,380.503662109375,644.595458984375,0.07207207207207207,0.33153153153153153,0.1921921921921922,0.44024024024024033,0.5435435435435435,0.8078078078078078,0.2852852852852853,0.3171171171171171,1.0,4,42,/dss/dsshome1/0E/ra63pux2/Documents/thesis/code/tabicl-lfs/checkpoints_mini_tabicl_stage2_sa/step-1000.ckpt,/dss/dsshome1/0E/ra63pux2/Documents/thesis/code/tabicl-lfs/checkpoints_mini_tabicl_stage2_ea/step-1000_ea.ckpt
connect-4,SA_only,1642,0.7316952832050523,0.6715018748766528,0.6727317666528976,0.7649811735539029,0.5601752996444702,0.33386415243148804,16598.86328125,42541.8125,0.01169305724725944,0.7331303288672352,25882.1640625,43470.9921875,22064.201171875,44724.0,0.09591474245115453,0.09528320505229919,0.21566015393724097,0.21218669824353661,0.1248273139925005,0.1298204065522005,0.10005920663114269,0.1004045786461417,1.0,4,42,/dss/dsshome1/0E/ra63pux2/Documents/thesis/code/tabicl-lfs/checkpoints_mini_tabicl_stage2_sa/step-1000.ckpt,/dss/dsshome1/0E/ra63pux2/Documents/thesis/code/tabicl-lfs/checkpoints_mini_tabicl_stage2_ea/step-1000_ea.ckpt
connect-4,EA_only,422,0.7316952832050523,0.6715018748766528,0.6727317666528976,0.7649811735539029,0.3685770630836487,0.5784745216369629,21594.193359375,42619.26171875,0.02037914691943128,0.0943127962085308,25882.1640625,43470.9921875,22064.201171875,44724.0,0.09591474245115453,0.09528320505229919,0.21566015393724097,0.21218669824353661,0.1248273139925005,0.1298204065522005,0.10005920663114269,0.1004045786461417,1.0,4,42,/dss/dsshome1/0E/ra63pux2/Documents/thesis/code/tabicl-lfs/checkpoints_mini_tabicl_stage2_sa/step-1000.ckpt,/dss/dsshome1/0E/ra63pux2/Documents/thesis/code/tabicl-lfs/checkpoints_mini_tabicl_stage2_ea/step-1000_ea.ckpt
connect-4,both_correct,13188,0.7316952832050523,0.6715018748766528,0.6727317666528976,0.7649811735539029,0.7801960706710815,0.7276015877723694,25905.931640625,43507.41015625,0.010327570518653321,0.011176827418865635,25882.1640625,43470.9921875,22064.201171875,44724.0,0.09591474245115453,0.09528320505229919,0.21566015393724097,0.21218669824353661,0.1248273139925005,0.1298204065522005,0.10005920663114269,0.1004045786461417,1.0,4,42,/dss/dsshome1/0E/ra63pux2/Documents/thesis/code/tabicl-lfs/checkpoints_mini_tabicl_stage2_sa/step-1000.ckpt,/dss/dsshome1/0E/ra63pux2/Documents/thesis/code/tabicl-lfs/checkpoints_mini_tabicl_stage2_ea/step-1000_ea.ckpt
connect-4,both_wrong,5016,0.7316952832050523,0.6715018748766528,0.6727317666528976,0.7649811735539029,0.2081873118877411,0.18281808495521545,29219.330078125,43751.0625,0.35231259968102074,0.5800637958532695,25882.1640625,43470.9921875,22064.201171875,44724.0,0.09591474245115453,0.09528320505229919,0.21566015393724097,0.21218669824353661,0.1248273139925005,0.1298204065522005,0.10005920663114269,0.1004045786461417,1.0,4,42,/dss/dsshome1/0E/ra63pux2/Documents/thesis/code/tabicl-lfs/checkpoints_mini_tabicl_stage2_sa/step-1000.ckpt,/dss/dsshome1/0E/ra63pux2/Documents/thesis/code/tabicl-lfs/checkpoints_mini_tabicl_stage2_ea/step-1000_ea.ckpt
balance-scale,SA_only,4,0.925531914893617,0.9361702127659575,0.1854242442543786,0.15756862793748014,0.49872544407844543,0.37935781478881836,143.7845458984375,285.7322692871094,0.55,0.8,164.6027069091797,272.0591125488281,137.96351623535156,252.0741729736328,0.7074468085106383,0.7861702127659576,0.8936170212765957,0.8904255319148936,0.8085106382978723,0.8340425531914895,0.8776595744680851,0.8829787234042553,1.0,4,42,/dss/dsshome1/0E/ra63pux2/Documents/thesis/code/tabicl-lfs/checkpoints_mini_tabicl_stage2_sa/step-1000.ckpt,/dss/dsshome1/0E/ra63pux2/Documents/thesis/code/tabicl-lfs/checkpoints_mini_tabicl_stage2_ea/step-1000_ea.ckpt
balance-scale,EA_only,6,0.925531914893617,0.9361702127659575,0.1854242442543786,0.15756862793748014,0.3685168921947479,0.5713022351264954,152.99781799316406,306.1332702636719,0.26666666666666666,0.6,164.6027069091797,272.0591125488281,137.96351623535156,252.0741729736328,0.7074468085106383,0.7861702127659576,0.8936170212765957,0.8904255319148936,0.8085106382978723,0.8340425531914895,0.8776595744680851,0.8829787234042553,1.0,4,42,/dss/dsshome1/0E/ra63pux2/Documents/thesis/code/tabicl-lfs/checkpoints_mini_tabicl_stage2_sa/step-1000.ckpt,/dss/dsshome1/0E/ra63pux2/Documents/thesis/code/tabicl-lfs/checkpoints_mini_tabicl_stage2_ea/step-1000_ea.ckpt
balance-scale,both_correct,170,0.925531914893617,0.9361702127659575,0.1854242442543786,0.15756862793748014,0.9214999675750732,0.9413111209869385,166.19895935058594,269.1238098144531,0.8270588235294118,0.9282352941176472,164.6027069091797,272.0591125488281,137.96351623535156,252.0741729736328,0.7074468085106383,0.7861702127659576,0.8936170212765957,0.8904255319148936,0.8085106382978723,0.8340425531914895,0.8776595744680851,0.8829787234042553,1.0,4,42,/dss/dsshome1/0E/ra63pux2/Documents/thesis/code/tabicl-lfs/checkpoints_mini_tabicl_stage2_sa/step-1000.ckpt,/dss/dsshome1/0E/ra63pux2/Documents/thesis/code/tabicl-lfs/checkpoints_mini_tabicl_stage2_ea/step-1000_ea.ckpt
balance-scale,both_wrong,8,0.925531914893617,0.9361702127659575,0.1854242442543786,0.15756862793748014,0.32315683364868164,0.3172641396522522,149.79495239257812,302.0428161621094,0.42500000000000004,0.35,164.6027069091797,272.0591125488281,137.96351623535156,252.0741729736328,0.7074468085106383,0.7861702127659576,0.8936170212765957,0.8904255319148936,0.8085106382978723,0.8340425531914895,0.8776595744680851,0.8829787234042553,1.0,4,42,/dss/dsshome1/0E/ra63pux2/Documents/thesis/code/tabicl-lfs/checkpoints_mini_tabicl_stage2_sa/step-1000.ckpt,/dss/dsshome1/0E/ra63pux2/Documents/thesis/code/tabicl-lfs/checkpoints_mini_tabicl_stage2_ea/step-1000_ea.ckpt
ozone-level-8hr,SA_only,1,0.9487516425755584,0.9526938239159002,0.13301890050326282,0.13194956171088712,0.5856805443763733,0.4497147798538208,212.6885986328125,868.0563354492188,1.0,0.0,738.6328735351562,1505.0377197265625,1047.74853515625,1541.083740234375,0.06307490144546649,0.0935611038107753,0.31011826544021026,0.35847568988173456,0.7674113009198423,0.8107752956636005,0.23390275952693823,0.290407358738502,1.0,4,42,/dss/dsshome1/0E/ra63pux2/Documents/thesis/code/tabicl-lfs/checkpoints_mini_tabicl_stage2_sa/step-1000.ckpt,/dss/dsshome1/0E/ra63pux2/Documents/thesis/code/tabicl-lfs/checkpoints_mini_tabicl_stage2_ea/step-1000_ea.ckpt
ozone-level-8hr,EA_only,4,0.9487516425755584,0.9526938239159002,0.13301890050326282,0.13194956171088712,0.45693013072013855,0.5867840051651001,347.4103088378906,766.632080078125,0.5,0.5,738.6328735351562,1505.0377197265625,1047.74853515625,1541.083740234375,0.06307490144546649,0.0935611038107753,0.31011826544021026,0.35847568988173456,0.7674113009198423,0.8107752956636005,0.23390275952693823,0.290407358738502,1.0,4,42,/dss/dsshome1/0E/ra63pux2/Documents/thesis/code/tabicl-lfs/checkpoints_mini_tabicl_stage2_sa/step-1000.ckpt,/dss/dsshome1/0E/ra63pux2/Documents/thesis/code/tabicl-lfs/checkpoints_mini_tabicl_stage2_ea/step-1000_ea.ckpt
ozone-level-8hr,both_correct,721,0.9487516425755584,0.9526938239159002,0.13301890050326282,0.13194956171088712,0.964143693447113,0.962925136089325,749.6468505859375,1527.482666015625,0.05159500693481276,0.3625520110957004,738.6328735351562,1505.0377197265625,1047.74853515625,1541.083740234375,0.06307490144546649,0.0935611038107753,0.31011826544021026,0.35847568988173456,0.7674113009198423,0.8107752956636005,0.23390275952693823,0.290407358738502,1.0,4,42,/dss/dsshome1/0E/ra63pux2/Documents/thesis/code/tabicl-lfs/checkpoints_mini_tabicl_stage2_sa/step-1000.ckpt,/dss/dsshome1/0E/ra63pux2/Documents/thesis/code/tabicl-lfs/checkpoints_mini_tabicl_stage2_ea/step-1000_ea.ckpt
ozone-level-8hr,both_wrong,35,0.9487516425755584,0.9526938239159002,0.13301890050326282,0.13194956171088712,0.19381289184093475,0.21365821361541748,571.4838256835938,1145.26171875,0.8857142857142857,0.26857142857142857,738.6328735351562,1505.0377197265625,1047.74853515625,1541.083740234375,0.06307490144546649,0.0935611038107753,0.31011826544021026,0.35847568988173456,0.7674113009198423,0.8107752956636005,0.23390275952693823,0.290407358738502,1.0,4,42,/dss/dsshome1/0E/ra63pux2/Documents/thesis/code/tabicl-lfs/checkpoints_mini_tabicl_stage2_sa/step-1000.ckpt,/dss/dsshome1/0E/ra63pux2/Documents/thesis/code/tabicl-lfs/checkpoints_mini_tabicl_stage2_ea/step-1000_ea.ckpt
diabetes,SA_only,5,0.7489177489177489,0.7575757575757576,0.48879860742326325,0.505085372565077,0.604645311832428,0.4604509472846985,403.2791748046875,300.09112548828125,0.2,0.64,312.68426513671875,328.7374572753906,154.9998016357422,364.2630310058594,0.36796536796536794,0.3956709956709957,0.2943722943722944,0.33852813852813846,0.45021645021645024,0.44069264069264075,0.33766233766233766,0.34372294372294376,1.0,4,42,/dss/dsshome1/0E/ra63pux2/Documents/thesis/code/tabicl-lfs/checkpoints_mini_tabicl_stage2_sa/step-1000.ckpt,/dss/dsshome1/0E/ra63pux2/Documents/thesis/code/tabicl-lfs/checkpoints_mini_tabicl_stage2_ea/step-1000_ea.ckpt
diabetes,EA_only,7,0.7489177489177489,0.7575757575757576,0.48879860742326325,0.505085372565077,0.43224239349365234,0.5465101599693298,405.611572265625,290.5059509277344,0.8571428571428571,0.7142857142857143,312.68426513671875,328.7374572753906,154.9998016357422,364.2630310058594,0.36796536796536794,0.3956709956709957,0.2943722943722944,0.33852813852813846,0.45021645021645024,0.44069264069264075,0.33766233766233766,0.34372294372294376,1.0,4,42,/dss/dsshome1/0E/ra63pux2/Documents/thesis/code/tabicl-lfs/checkpoints_mini_tabicl_stage2_sa/step-1000.ckpt,/dss/dsshome1/0E/ra63pux2/Documents/thesis/code/tabicl-lfs/checkpoints_mini_tabicl_stage2_ea/step-1000_ea.ckpt
diabetes,both_correct,168,0.7489177489177489,0.7575757575757576,0.48879860742326325,0.505085372565077,0.8571650981903076,0.8574376702308655,292.7057800292969,334.8417053222656,0.28690476190476194,0.18452380952380953,312.68426513671875,328.7374572753906,154.9998016357422,364.2630310058594,0.36796536796536794,0.3956709956709957,0.2943722943722944,0.33852813852813846,0.45021645021645024,0.44069264069264075,0.33766233766233766,0.34372294372294376,1.0,4,42,/dss/dsshome1/0E/ra63pux2/Documents/thesis/code/tabicl-lfs/checkpoints_mini_tabicl_stage2_sa/step-1000.ckpt,/dss/dsshome1/0E/ra63pux2/Documents/thesis/code/tabicl-lfs/checkpoints_mini_tabicl_stage2_ea/step-1000_ea.ckpt
diabetes,both_wrong,51,0.7489177489177489,0.7575757575757576,0.48879860742326325,0.505085372565077,0.2663777768611908,0.2553797662258148,356.8592834472656,316.6851501464844,0.7098039215686275,0.7647058823529413,312.68426513671875,328.7374572753906,154.9998016357422,364.2630310058594,0.36796536796536794,0.3956709956709957,0.2943722943722944,0.33852813852813846,0.45021645021645024,0.44069264069264075,0.33766233766233766,0.34372294372294376,1.0,4,42,/dss/dsshome1/0E/ra63pux2/Documents/thesis/code/tabicl-lfs/checkpoints_mini_tabicl_stage2_sa/step-1000.ckpt,/dss/dsshome1/0E/ra63pux2/Documents/thesis/code/tabicl-lfs/checkpoints_mini_tabicl_stage2_ea/step-1000_ea.ckpt
first-order-theorem-proving,SA_only,83,0.6138344226579521,0.6040305010893247,1.0874702660685969,1.1118889670221388,0.40406712889671326,0.25767430663108826,1558.7794189453125,2348.62353515625,0.060240963855421686,0.014457831325301207,1392.3785400390625,2555.352783203125,1423.7879638671875,3056.2138671875,0.05065359477124183,0.05980392156862746,0.08333333333333333,0.08442265795206971,0.07788671023965142,0.0860566448801743,0.05010893246187364,0.05762527233115469,1.0,4,42,/dss/dsshome1/0E/ra63pux2/Documents/thesis/code/tabicl-lfs/checkpoints_mini_tabicl_stage2_sa/step-1000.ckpt,/dss/dsshome1/0E/ra63pux2/Documents/thesis/code/tabicl-lfs/checkpoints_mini_tabicl_stage2_ea/step-1000_ea.ckpt
first-order-theorem-proving,EA_only,65,0.6138344226579521,0.6040305010893247,1.0874702660685969,1.1118889670221388,0.28323841094970703,0.3271893858909607,1433.2037353515625,2232.559326171875,0.046153846153846156,0.003076923076923077,1392.3785400390625,2555.352783203125,1423.7879638671875,3056.2138671875,0.05065359477124183,0.05980392156862746,0.08333333333333333,0.08442265795206971,0.07788671023965142,0.0860566448801743,0.05010893246187364,0.05762527233115469,1.0,4,42,/dss/dsshome1/0E/ra63pux2/Documents/thesis/code/tabicl-lfs/checkpoints_mini_tabicl_stage2_sa/step-1000.ckpt,/dss/dsshome1/0E/ra63pux2/Documents/thesis/code/tabicl-lfs/checkpoints_mini_tabicl_stage2_ea/step-1000_ea.ckpt
first-order-theorem-proving,both_correct,1044,0.6138344226579521,0.6040305010893247,1.0874702660685969,1.1118889670221388,0.7318371534347534,0.6772677302360535,1266.581298828125,2604.63232421875,0.0157088122605364,0.04597701149425287,1392.3785400390625,2555.352783203125,1423.7879638671875,3056.2138671875,0.05065359477124183,0.05980392156862746,0.08333333333333333,0.08442265795206971,0.07788671023965142,0.0860566448801743,0.05010893246187364,0.05762527233115469,1.0,4,42,/dss/dsshome1/0E/ra63pux2/Documents/thesis/code/tabicl-lfs/checkpoints_mini_tabicl_stage2_sa/step-1000.ckpt,/dss/dsshome1/0E/ra63pux2/Documents/thesis/code/tabicl-lfs/checkpoints_mini_tabicl_stage2_ea/step-1000_ea.ckpt
first-order-theorem-proving,both_wrong,644,0.6138344226579521,0.6040305010893247,1.0874702660685969,1.1118889670221388,0.13685619831085205,0.14342106878757477,1570.7440185546875,2534.68798828125,0.13260869565217392,0.16397515527950313,1392.3785400390625,2555.352783203125,1423.7879638671875,3056.2138671875,0.05065359477124183,0.05980392156862746,0.08333333333333333,0.08442265795206971,0.07788671023965142,0.0860566448801743,0.05010893246187364,0.05762527233115469,1.0,4,42,/dss/dsshome1/0E/ra63pux2/Documents/thesis/code/tabicl-lfs/checkpoints_mini_tabicl_stage2_sa/step-1000.ckpt,/dss/dsshome1/0E/ra63pux2/Documents/thesis/code/tabicl-lfs/checkpoints_mini_tabicl_stage2_ea/step-1000_ea.ckpt
